{
  "model": {
    "type": "minecraft:select",
    "property": "minecraft:custom_model_data",
    "cases": [  
      {
        "when": "shop_button",
        "model": { "type": "minecraft:model", "model": "minecraft:item/ui/shop_button" }
      },      
      {
        "when": "kits_button",
        "model": { "type": "minecraft:model", "model": "minecraft:item/ui/kits_button" }
      },      
      {
        "when": "air_1",
        "model": { "type": "minecraft:model", "model": "minecraft:item/ui/air_1" }
      },      
      {
        "when": "pet_guard",
        "model": { "type": "minecraft:model", "model": "minecraft:item/ui/pet_guard" }
      },  
      {
        "when": "pet_damage",
        "model": { "type": "minecraft:model", "model": "minecraft:item/ui/pet_damage" }
      }, 
      {
        "when": "pet_earn",
        "model": { "type": "minecraft:model", "model": "minecraft:item/ui/pet_earn" }
      },                 
      {
        "when": "accept_report",
        "model": { "type": "minecraft:model", "model": "minecraft:item/ui/accept_report" }
      }, 
      {
        "when": "report_ready",
        "model": { "type": "minecraft:model", "model": "minecraft:item/ui/report_ready" }
      }, 
      {
        "when": "report_claimed",
        "model": { "type": "minecraft:model", "model": "minecraft:item/ui/report_claimed" }
      },                   
      {
        "when": "free_clear",
        "model": { "type": "minecraft:model", "model": "minecraft:item/ui/free_clear" }
      }, 
      {
        "when": "free_ready",
        "model": { "type": "minecraft:model", "model": "minecraft:item/ui/free_ready" }
      },             
      {
        "when": "em_chestplate",
        "model": { "type": "minecraft:model", "model": "minecraft:item/ui/em_chestplate" }
      },       
      {
        "when": "em_pickaxe",
        "model": { "type": "minecraft:model", "model": "minecraft:item/ui/em_pickaxe" }
      },      
      {
        "when": "mars_strenght",
        "model": { "type": "minecraft:model", "model": "minecraft:item/ui/mars_strenght" }
      },       
      {
        "when": "s15",
        "model": { "type": "minecraft:model", "model": "minecraft:item/ui/stikers/15" }
      },      
      {
        "when": "s14",
        "model": { "type": "minecraft:model", "model": "minecraft:item/ui/stikers/14" }
      },      
      {
        "when": "s13",
        "model": { "type": "minecraft:model", "model": "minecraft:item/ui/stikers/13" }
      },      
      {
        "when": "s12",
        "model": { "type": "minecraft:model", "model": "minecraft:item/ui/stikers/12" }
      },      
      {
        "when": "s11",
        "model": { "type": "minecraft:model", "model": "minecraft:item/ui/stikers/11" }
      },      
      {
        "when": "s10",
        "model": { "type": "minecraft:model", "model": "minecraft:item/ui/stikers/10" }
      },      
      {
        "when": "s9",
        "model": { "type": "minecraft:model", "model": "minecraft:item/ui/stikers/9" }
      },      
      {
        "when": "s8",
        "model": { "type": "minecraft:model", "model": "minecraft:item/ui/stikers/8" }
      },      
      {
        "when": "s7",
        "model": { "type": "minecraft:model", "model": "minecraft:item/ui/stikers/7" }
      },      
      {
        "when": "s6",
        "model": { "type": "minecraft:model", "model": "minecraft:item/ui/stikers/6" }
      },      
      {
        "when": "s5",
        "model": { "type": "minecraft:model", "model": "minecraft:item/ui/stikers/5" }
      },      
      {
        "when": "s4",
        "model": { "type": "minecraft:model", "model": "minecraft:item/ui/stikers/4" }
      },      
      {
        "when": "s3",
        "model": { "type": "minecraft:model", "model": "minecraft:item/ui/stikers/3" }
      },      
      {
        "when": "s2",
        "model": { "type": "minecraft:model", "model": "minecraft:item/ui/stikers/2" }
      },      
      {
        "when": "s1",
        "model": { "type": "minecraft:model", "model": "minecraft:item/ui/stikers/1" }
      },      
      {
        "when": "t70",
        "model": { "type": "minecraft:model", "model": "minecraft:item/ui/titles/70" }
      },      
      {
        "when": "t69",
        "model": { "type": "minecraft:model", "model": "minecraft:item/ui/titles/69" }
      },            
      {
        "when": "t68",
        "model": { "type": "minecraft:model", "model": "minecraft:item/ui/titles/68" }
      },      
      {
        "when": "t67",
        "model": { "type": "minecraft:model", "model": "minecraft:item/ui/titles/67" }
      },      
      {
        "when": "t66",
        "model": { "type": "minecraft:model", "model": "minecraft:item/ui/titles/66" }
      },      
      {
        "when": "t65",
        "model": { "type": "minecraft:model", "model": "minecraft:item/ui/titles/65" }
      },       
      {
        "when": "t64",
        "model": { "type": "minecraft:model", "model": "minecraft:item/ui/titles/64" }
      },               
      {
        "when": "t63",
        "model": { "type": "minecraft:model", "model": "minecraft:item/ui/titles/63" }
      },      
      {
        "when": "t62",
        "model": { "type": "minecraft:model", "model": "minecraft:item/ui/titles/62" }
      },            
      {
        "when": "t61",
        "model": { "type": "minecraft:model", "model": "minecraft:item/ui/titles/61" }
      },      
      {
        "when": "t60",
        "model": { "type": "minecraft:model", "model": "minecraft:item/ui/titles/60" }
      },      
      {
        "when": "t59",
        "model": { "type": "minecraft:model", "model": "minecraft:item/ui/titles/59" }
      },      
      {
        "when": "t58",
        "model": { "type": "minecraft:model", "model": "minecraft:item/ui/titles/58" }
      },       
      {
        "when": "t57",
        "model": { "type": "minecraft:model", "model": "minecraft:item/ui/titles/57" }
      },      
      {
        "when": "t56",
        "model": { "type": "minecraft:model", "model": "minecraft:item/ui/titles/56" }
      },      
      {
        "when": "t55",
        "model": { "type": "minecraft:model", "model": "minecraft:item/ui/titles/55" }
      },      
      {
        "when": "t54",
        "model": { "type": "minecraft:model", "model": "minecraft:item/ui/titles/54" }
      },            
      {
        "when": "t53",
        "model": { "type": "minecraft:model", "model": "minecraft:item/ui/titles/53" }
      },      
      {
        "when": "t52",
        "model": { "type": "minecraft:model", "model": "minecraft:item/ui/titles/52" }
      },      
      {
        "when": "t51",
        "model": { "type": "minecraft:model", "model": "minecraft:item/ui/titles/51" }
      },      
      {
        "when": "t50",
        "model": { "type": "minecraft:model", "model": "minecraft:item/ui/titles/50" }
      },       
      {
        "when": "t49",
        "model": { "type": "minecraft:model", "model": "minecraft:item/ui/titles/49" }
      },      
      {
        "when": "t48",
        "model": { "type": "minecraft:model", "model": "minecraft:item/ui/titles/48" }
      },      
      {
        "when": "t47",
        "model": { "type": "minecraft:model", "model": "minecraft:item/ui/titles/47" }
      },      
      {
        "when": "t46",
        "model": { "type": "minecraft:model", "model": "minecraft:item/ui/titles/46" }
      },            
      {
        "when": "t45",
        "model": { "type": "minecraft:model", "model": "minecraft:item/ui/titles/45" }
      },      
      {
        "when": "t44",
        "model": { "type": "minecraft:model", "model": "minecraft:item/ui/titles/44" }
      },      
      {
        "when": "t43",
        "model": { "type": "minecraft:model", "model": "minecraft:item/ui/titles/43" }
      },      
      {
        "when": "t42",
        "model": { "type": "minecraft:model", "model": "minecraft:item/ui/titles/42" }
      },      
      {
        "when": "t41",
        "model": { "type": "minecraft:model", "model": "minecraft:item/ui/titles/41" }
      },      
      {
        "when": "t40",
        "model": { "type": "minecraft:model", "model": "minecraft:item/ui/titles/40" }
      },      
      {
        "when": "t39",
        "model": { "type": "minecraft:model", "model": "minecraft:item/ui/titles/39" }
      },      
      {
        "when": "t38",
        "model": { "type": "minecraft:model", "model": "minecraft:item/ui/titles/38" }
      },      
      {
        "when": "t37",
        "model": { "type": "minecraft:model", "model": "minecraft:item/ui/titles/37" }
      },      
      {
        "when": "t36",
        "model": { "type": "minecraft:model", "model": "minecraft:item/ui/titles/36" }
      },      
      {
        "when": "t35",
        "model": { "type": "minecraft:model", "model": "minecraft:item/ui/titles/35" }
      },      
      {
        "when": "t34",
        "model": { "type": "minecraft:model", "model": "minecraft:item/ui/titles/34" }
      },      
      {
        "when": "t33",
        "model": { "type": "minecraft:model", "model": "minecraft:item/ui/titles/33" }
      },      
      {
        "when": "t32",
        "model": { "type": "minecraft:model", "model": "minecraft:item/ui/titles/32" }
      },      
      {
        "when": "t31",
        "model": { "type": "minecraft:model", "model": "minecraft:item/ui/titles/31" }
      },      
      {
        "when": "t30",
        "model": { "type": "minecraft:model", "model": "minecraft:item/ui/titles/30" }
      },      
      {
        "when": "t29",
        "model": { "type": "minecraft:model", "model": "minecraft:item/ui/titles/29" }
      },      
      {
        "when": "t28",
        "model": { "type": "minecraft:model", "model": "minecraft:item/ui/titles/28" }
      },      
      {
        "when": "t27",
        "model": { "type": "minecraft:model", "model": "minecraft:item/ui/titles/27" }
      },      
      {
        "when": "t26",
        "model": { "type": "minecraft:model", "model": "minecraft:item/ui/titles/26" }
      },      
      {
        "when": "t25",
        "model": { "type": "minecraft:model", "model": "minecraft:item/ui/titles/25" }
      },      
      {
        "when": "t24",
        "model": { "type": "minecraft:model", "model": "minecraft:item/ui/titles/24" }
      },      
      {
        "when": "t23",
        "model": { "type": "minecraft:model", "model": "minecraft:item/ui/titles/23" }
      },      
      {
        "when": "t22",
        "model": { "type": "minecraft:model", "model": "minecraft:item/ui/titles/22" }
      },      
      {
        "when": "t21",
        "model": { "type": "minecraft:model", "model": "minecraft:item/ui/titles/21" }
      },      
      {
        "when": "t20",
        "model": { "type": "minecraft:model", "model": "minecraft:item/ui/titles/20" }
      },      
      {
        "when": "t19",
        "model": { "type": "minecraft:model", "model": "minecraft:item/ui/titles/19" }
      },      
      {
        "when": "t18",
        "model": { "type": "minecraft:model", "model": "minecraft:item/ui/titles/18" }
      },      
      {
        "when": "t17",
        "model": { "type": "minecraft:model", "model": "minecraft:item/ui/titles/17" }
      },      
      {
        "when": "t16",
        "model": { "type": "minecraft:model", "model": "minecraft:item/ui/titles/16" }
      },      
      {
        "when": "t15",
        "model": { "type": "minecraft:model", "model": "minecraft:item/ui/titles/15" }
      },      
      {
        "when": "t14",
        "model": { "type": "minecraft:model", "model": "minecraft:item/ui/titles/14" }
      },      
      {
        "when": "t13",
        "model": { "type": "minecraft:model", "model": "minecraft:item/ui/titles/13" }
      },      
      {
        "when": "t12",
        "model": { "type": "minecraft:model", "model": "minecraft:item/ui/titles/12" }
      },      
      {
        "when": "t11",
        "model": { "type": "minecraft:model", "model": "minecraft:item/ui/titles/11" }
      },      
      {
        "when": "t10",
        "model": { "type": "minecraft:model", "model": "minecraft:item/ui/titles/10" }
      },      
      {
        "when": "t9",
        "model": { "type": "minecraft:model", "model": "minecraft:item/ui/titles/9" }
      },       
      {
        "when": "t8",
        "model": { "type": "minecraft:model", "model": "minecraft:item/ui/titles/8" }
      },      
      {
        "when": "t7",
        "model": { "type": "minecraft:model", "model": "minecraft:item/ui/titles/7" }
      },      
      {
        "when": "t6",
        "model": { "type": "minecraft:model", "model": "minecraft:item/ui/titles/6" }
      },      
      {
        "when": "t5",
        "model": { "type": "minecraft:model", "model": "minecraft:item/ui/titles/5" }
      },      
      {
        "when": "t4",
        "model": { "type": "minecraft:model", "model": "minecraft:item/ui/titles/4" }
      },      
      {
        "when": "t3",
        "model": { "type": "minecraft:model", "model": "minecraft:item/ui/titles/3" }
      },       
      {
        "when": "t2",
        "model": { "type": "minecraft:model", "model": "minecraft:item/ui/titles/2" }
      },      
      {
        "when": "titles1",
        "model": { "type": "minecraft:model", "model": "minecraft:item/ui/titles1" }
      },       
      {
        "when": "num_2_blue",
        "model": { "type": "minecraft:model", "model": "minecraft:item/ui/num_2_blue" }
      },  
      {
        "when": "num_4_blue",
        "model": { "type": "minecraft:model", "model": "minecraft:item/ui/num_4_blue" }
      },           
      {
        "when": "kit_chaos",
        "model": { "type": "minecraft:model", "model": "minecraft:item/ui/kit_chaos" }
      }, 
      {
        "when": "kit_tanatos",
        "model": { "type": "minecraft:model", "model": "minecraft:item/ui/kit_tanatos" }
      },
      {
        "when": "kit_olymp",
        "model": { "type": "minecraft:model", "model": "minecraft:item/ui/kit_olymp" }
      },                  
      {
        "when": "pvpr",
        "model": { "type": "minecraft:model", "model": "minecraft:item/ui/pvpr" }
      }, 
      {
        "when": "pvps",
        "model": { "type": "minecraft:model", "model": "minecraft:item/ui/pvps" }
      },             
      {
        "when": "bonus_button",
        "model": { "type": "minecraft:model", "model": "minecraft:item/ui/bonus_button" }
      },      
      {
        "when": "da_icon",
        "model": { "type": "minecraft:model", "model": "minecraft:item/ui/da_icon" }
      },       
      {
        "when": "donate_winter",
        "model": { "type": "minecraft:model", "model": "minecraft:item/ui/donate_winter" }
      },   
      {
        "when": "donate_cold",
        "model": { "type": "minecraft:model", "model": "minecraft:item/ui/donate_cold" }
      },          
      {
        "when": "gift_button",
        "model": { "type": "minecraft:model", "model": "minecraft:item/ui/gift_button" }
      },      
      {
        "when": "help_item",
        "model": { "type": "minecraft:model", "model": "minecraft:item/ui/help_item" }
      }, 
      {
        "when": "menu_item",
        "model": { "type": "minecraft:model", "model": "minecraft:item/ui/menu_item" }
      },
      {
        "when": "donate_item",
        "model": { "type": "minecraft:model", "model": "minecraft:item/ui/donate_item" }
      },                 
      {
        "when": "clan_pvp_on",
        "model": { "type": "minecraft:model", "model": "minecraft:item/ui/clan_pvp_on" }
      },
      {
        "when": "clan_pvp_off",
        "model": { "type": "minecraft:model", "model": "minecraft:item/ui/clan_pvp_off" }
      },             
      {
        "when": "trade_button",
        "model": { "type": "minecraft:model", "model": "minecraft:item/ui/trade_button" }
      },      
      {
        "when": "chat_button",
        "model": { "type": "minecraft:model", "model": "minecraft:item/ui/chat_button" }
      },  
      {
        "when": "mobarena_button",
        "model": { "type": "minecraft:model", "model": "minecraft:item/ui/mobarena_button" }
      },
      {
        "when": "allplace_button",
        "model": { "type": "minecraft:model", "model": "minecraft:item/ui/allplace_button" }
      },
      {
        "when": "a_button",
        "model": { "type": "minecraft:model", "model": "minecraft:item/ui/a_button" }
      },
      {
        "when": "ac_bypass",
        "model": { "type": "minecraft:model", "model": "minecraft:item/ui/ac_bypass" }
      },
      {
        "when": "quest_bp",
        "model": { "type": "minecraft:model", "model": "minecraft:item/ui/quest_bp" }
      },                                  
      {
        "when": "stiker_button",
        "model": { "type": "minecraft:model", "model": "minecraft:item/ui/stiker_button" }
      },
      {
        "when": "titul_button",
        "model": { "type": "minecraft:model", "model": "minecraft:item/ui/titul_button" }
      },            
      {
        "when": "pvp_button",
        "model": { "type": "minecraft:model", "model": "minecraft:item/ui/pvp_button" }
      },
      {
        "when": "world_button",
        "model": { "type": "minecraft:model", "model": "minecraft:item/ui/world_button" }
      }, 
      {
        "when": "casino_button",
        "model": { "type": "minecraft:model", "model": "minecraft:item/ui/casino_button" }
      }, 
      {
        "when": "spawn_button",
        "model": { "type": "minecraft:model", "model": "minecraft:item/ui/spawn_button" }
      },                          
      {
        "when": "ares_100",
        "model": { "type": "minecraft:model", "model": "minecraft:item/ui/values/ares_100" }
      },  
      {
        "when": "ares_200",
        "model": { "type": "minecraft:model", "model": "minecraft:item/ui/values/ares_200" }
      },
      {
        "when": "ares_300",
        "model": { "type": "minecraft:model", "model": "minecraft:item/ui/values/ares_300" }
      },
      {
        "when": "ares_400",
        "model": { "type": "minecraft:model", "model": "minecraft:item/ui/values/ares_400" }
      },
      {
        "when": "ares_500",
        "model": { "type": "minecraft:model", "model": "minecraft:item/ui/values/ares_500" }
      },
      {
        "when": "ares_1000",
        "model": { "type": "minecraft:model", "model": "minecraft:item/ui/values/ares_1000" }
      },
      {
        "when": "ares_1500",
        "model": { "type": "minecraft:model", "model": "minecraft:item/ui/values/ares_1500" }
      },                                              
      {
        "when": "bomb",
        "model": { "type": "minecraft:model", "model": "minecraft:item/ui/bomb" }
      },      
      {
        "when": "crown",
        "model": { "type": "minecraft:model", "model": "minecraft:item/ui/crown" }
      },       
      {
        "when": "upgraded_xp_bottle",
        "model": { "type": "minecraft:model", "model": "minecraft:item/ui/upgraded_xp_bottle" }
      },      
      {
        "when": "book_sharpness",
        "model": { "type": "minecraft:model", "model": "minecraft:item/ui/book_sharpness" }
      },
      {
        "when": "book_looting",
        "model": { "type": "minecraft:model", "model": "minecraft:item/ui/book_looting" }
      },
      {
        "when": "book_power",
        "model": { "type": "minecraft:model", "model": "minecraft:item/ui/book_power" }
      },
      {
        "when": "book_efficiency",
        "model": { "type": "minecraft:model", "model": "minecraft:item/ui/book_efficiency" }
      },
      {
        "when": "book_fortune",
        "model": { "type": "minecraft:model", "model": "minecraft:item/ui/book_fortune" }
      },
      {
        "when": "book_protection",
        "model": { "type": "minecraft:model", "model": "minecraft:item/ui/book_protection" }
      },
      {
        "when": "book_unbreaking",
        "model": { "type": "minecraft:model", "model": "minecraft:item/ui/book_unbreaking" }
      },                                          
      {
        "when": "clock_1_5",
        "model": { "type": "minecraft:model", "model": "minecraft:item/ui/clock_1_5" }
      },
      {
        "when": "clock_2_5",
        "model": { "type": "minecraft:model", "model": "minecraft:item/ui/clock_2_5" }
      },
      {
        "when": "clock_3_5",
        "model": { "type": "minecraft:model", "model": "minecraft:item/ui/clock_3_5" }
      },
      {
        "when": "clock_4_5",
        "model": { "type": "minecraft:model", "model": "minecraft:item/ui/clock_4_5" }
      },
      {
        "when": "clock_5_5",
        "model": { "type": "minecraft:model", "model": "minecraft:item/ui/clock_5_5" }
      },                              
      {
        "when": "regen",
        "model": { "type": "minecraft:model", "model": "minecraft:item/ui/regen" }
      },
      {
        "when": "sila",
        "model": { "type": "minecraft:model", "model": "minecraft:item/ui/sila" }
      },
      {
        "when": "speed",
        "model": { "type": "minecraft:model", "model": "minecraft:item/ui/speed" }
      },
      {
        "when": "fire_resis",
        "model": { "type": "minecraft:model", "model": "minecraft:item/ui/fire_resis" }
      },                        
      {
        "when": "merge_upgraded_bottles_button",
        "model": { "type": "minecraft:model", "model": "minecraft:item/ui/merge_upgraded_bottles_button" }
      },
      {
        "when": "create_xp_bottle_button",
        "model": { "type": "minecraft:model", "model": "minecraft:item/ui/create_xp_bottle_button" }
      },             
      {
        "when": "gray_accept_button",
        "model": { "type": "minecraft:model", "model": "minecraft:item/ui/gray_accept_button" }
      },      
      {
        "when": "normal_key",
        "model": { "type": "minecraft:model", "model": "minecraft:item/ui/normal_key" }
      },
      {
        "when": "rare_key",
        "model": { "type": "minecraft:model", "model": "minecraft:item/ui/rare_key" }
      },
      {
        "when": "unique_key",
        "model": { "type": "minecraft:model", "model": "minecraft:item/ui/unique_key" }
      },                   
      {
        "when": "randomitems_button",
        "model": { "type": "minecraft:model", "model": "minecraft:item/ui/randomitems_button" }
      },      
      {
        "when": "grief_icon",
        "model": { "type": "minecraft:model", "model": "minecraft:item/ui/grief_icon" }
      },   
      {
        "when": "event_icon",
        "model": { "type": "minecraft:model", "model": "minecraft:item/ui/event_icon" }
      }, 
      {
        "when": "settings_icon",
        "model": { "type": "minecraft:model", "model": "minecraft:item/ui/settings_icon" }
      },                
      {
        "when": "idex",
        "model": { "type": "minecraft:model", "model": "minecraft:item/ui/items/idex" }
      },
      {
        "when": "i25",
        "model": { "type": "minecraft:model", "model": "minecraft:item/ui/items/i25" }
      },      
      {
        "when": "igls",
        "model": { "type": "minecraft:model", "model": "minecraft:item/ui/items/igls" }
      },
      {
        "when": "iglv",
        "model": { "type": "minecraft:model", "model": "minecraft:item/ui/items/iglv" }
      },
      {
        "when": "ihrt",
        "model": { "type": "minecraft:model", "model": "minecraft:item/ui/items/ihrt" }
      },
      {
        "when": "ivmp",
        "model": { "type": "minecraft:model", "model": "minecraft:item/ui/items/ivmp" }
      },      
      {
        "when": "i1",
        "model": { "type": "minecraft:model", "model": "minecraft:item/ui/items/i1" }
      },
      {
        "when": "i2",
        "model": { "type": "minecraft:model", "model": "minecraft:item/ui/items/i2" }
      },
      {
        "when": "i3",
        "model": { "type": "minecraft:model", "model": "minecraft:item/ui/items/i3" }
      },
      {
        "when": "i4",
        "model": { "type": "minecraft:model", "model": "minecraft:item/ui/items/i4" }
      },
      {
        "when": "i5",
        "model": { "type": "minecraft:model", "model": "minecraft:item/ui/items/i5" }
      },
      {
        "when": "i6",
        "model": { "type": "minecraft:model", "model": "minecraft:item/ui/items/i6" }
      },
      {
        "when": "i7",
        "model": { "type": "minecraft:model", "model": "minecraft:item/ui/items/i7" }
      },
      {
        "when": "i8",
        "model": { "type": "minecraft:model", "model": "minecraft:item/ui/items/i8" }
      },
      {
        "when": "i9",
        "model": { "type": "minecraft:model", "model": "minecraft:item/ui/items/i9" }
      },
      {
        "when": "i9_1",
        "model": { "type": "minecraft:model", "model": "minecraft:item/ui/items/i9_1" }
      },      
      {
        "when": "i10",
        "model": { "type": "minecraft:model", "model": "minecraft:item/ui/items/i10" }
      },
      {
        "when": "i11",
        "model": { "type": "minecraft:model", "model": "minecraft:item/ui/items/i11" }
      },
      {
        "when": "i12",
        "model": { "type": "minecraft:model", "model": "minecraft:item/ui/items/i12" }
      },
      {
        "when": "i13",
        "model": { "type": "minecraft:model", "model": "minecraft:item/ui/items/i13" }
      },
      {
        "when": "i13_1",
        "model": { "type": "minecraft:model", "model": "minecraft:item/ui/items/i13_1" }
      },      
      {
        "when": "i14",
        "model": { "type": "minecraft:model", "model": "minecraft:item/ui/items/i14" }
      },
      {
        "when": "i15",
        "model": { "type": "minecraft:model", "model": "minecraft:item/ui/items/i15" }
      },
      {
        "when": "i16",
        "model": { "type": "minecraft:model", "model": "minecraft:item/ui/items/i16" }
      },
      {
        "when": "i17",
        "model": { "type": "minecraft:model", "model": "minecraft:item/ui/items/i17" }
      },
      {
        "when": "i18",
        "model": { "type": "minecraft:model", "model": "minecraft:item/ui/items/i18" }
      },
      {
        "when": "i19",
        "model": { "type": "minecraft:model", "model": "minecraft:item/ui/items/i19" }
      },
      {
        "when": "i20",
        "model": { "type": "minecraft:model", "model": "minecraft:item/ui/items/i20" }
      },
      {
        "when": "i21",
        "model": { "type": "minecraft:model", "model": "minecraft:item/ui/items/i21" }
      },
      {
        "when": "i22",
        "model": { "type": "minecraft:model", "model": "minecraft:item/ui/items/i22" }
      },
      {
        "when": "i23",
        "model": { "type": "minecraft:model", "model": "minecraft:item/ui/items/i23" }
      },
      {
        "when": "i24",
        "model": { "type": "minecraft:model", "model": "minecraft:item/ui/items/i24" }
      },  
      {
        "when": "num_1_gray",
        "model": { "type": "minecraft:model", "model": "minecraft:item/ui/num_1_gray" }
      },
      {
        "when": "num_3_gray",
        "model": { "type": "minecraft:model", "model": "minecraft:item/ui/num_3_gray" }
      },
      {
        "when": "num_5_gray",
        "model": { "type": "minecraft:model", "model": "minecraft:item/ui/num_5_gray" }
      },
      {
        "when": "num_1_blue",
        "model": { "type": "minecraft:model", "model": "minecraft:item/ui/num_1_blue" }
      },
      {
        "when": "num_3_blue",
        "model": { "type": "minecraft:model", "model": "minecraft:item/ui/num_3_blue" }
      }, 
      {
        "when": "num_5_blue",
        "model": { "type": "minecraft:model", "model": "minecraft:item/ui/num_5_blue" }
      },
      {
        "when": "case_upg_gray",
        "model": { "type": "minecraft:model", "model": "minecraft:item/ui/case_upg_gray" }
      },  
      {
        "when": "case_upg_orange",
        "model": { "type": "minecraft:model", "model": "minecraft:item/ui/case_upg_orange" }
      },                                                
      {
        "when": "bg_locked_button",
        "model": { "type": "minecraft:model", "model": "minecraft:item/ui/bg_locked_button" }
      }, 
      {
        "when": "points_button",
        "model": { "type": "minecraft:model", "model": "minecraft:item/ui/points_button" }
      },            
      {
        "when": "accept_button",
        "model": { "type": "minecraft:model", "model": "minecraft:item/ui/accept_button" }
      },      
      {
        "when": "referal",
        "model": { "type": "minecraft:model", "model": "minecraft:item/ui/referal" }
      },  
      {
        "when": "ref_button",
        "model": { "type": "minecraft:model", "model": "minecraft:item/ui/ref_button" }
      },         
      {
        "when": "ref_my",
        "model": { "type": "minecraft:model", "model": "minecraft:item/ui/ref_my" }
      },
      {
        "when": "ref_rewards",
        "model": { "type": "minecraft:model", "model": "minecraft:item/ui/ref_rewards" }
      },
      {
        "when": "ref_prize_1",
        "model": { "type": "minecraft:model", "model": "minecraft:item/ui/ref_prize_1" }
      },
      {
        "when": "ref_prize_2",
        "model": { "type": "minecraft:model", "model": "minecraft:item/ui/ref_prize_2" }
      },        
      {
        "when": "ref_prize_3",
        "model": { "type": "minecraft:model", "model": "minecraft:item/ui/ref_prize_3" }
      },    
      {
        "when": "ref_prize_4",
        "model": { "type": "minecraft:model", "model": "minecraft:item/ui/ref_prize_4" }
      },                             
      {
        "when": "home_button",
        "model": { "type": "minecraft:model", "model": "minecraft:item/ui/home_button" }
      },
      {
        "when": "like_button",
        "model": { "type": "minecraft:model", "model": "minecraft:item/ui/like_button" }
      },
      {
        "when": "player_info_button",
        "model": { "type": "minecraft:model", "model": "minecraft:item/ui/player_info_button" }
      },      
      {
        "when": "dislike_button",
        "model": { "type": "minecraft:model", "model": "minecraft:item/ui/dislike_button" }
      },
      {
        "when": "social_button",
        "model": { "type": "minecraft:model", "model": "minecraft:item/ui/social_button" }
      },                  
      {
        "when": "keys",
        "model": { "type": "minecraft:model", "model": "minecraft:item/ui/keys" }
      },      
      {
        "when": "nemesis_kit",
        "model": { "type": "minecraft:model", "model": "minecraft:item/ui/nemesis_kit" }
      },
      {
        "when": "key_icon",
        "model": { "type": "minecraft:model", "model": "minecraft:item/ui/key_icon" }
      },   
      {
        "when": "ares_button",
        "model": { "type": "minecraft:model", "model": "minecraft:item/ui/ares_button" }
      }, 
      {
        "when": "dollar_button",
        "model": { "type": "minecraft:model", "model": "minecraft:item/ui/dollar_button" }
      },                
      {
        "when": "market_icon",
        "model": { "type": "minecraft:model", "model": "minecraft:item/ui/market_icon" }
      },  
      {
        "when": "auction_icon",
        "model": { "type": "minecraft:model", "model": "minecraft:item/ui/auction_icon" }
      },              
      {
        "when": "sort_button",
        "model": { "type": "minecraft:model", "model": "minecraft:item/ui/sort_button" }
      },  
      {
        "when": "head",
        "model": { "type": "minecraft:model", "model": "minecraft:item/ui/head" }
      },           
      {
        "when": "player_warp",
        "model": { "type": "minecraft:model", "model": "minecraft:item/ui/player_warp" }
      },    
      {
        "when": "number_1",
        "model": { "type": "minecraft:model", "model": "minecraft:item/ui/numbers/number_1" }
      },      
      {
        "when": "number_2",
        "model": { "type": "minecraft:model", "model": "minecraft:item/ui/numbers/number_2" }
      },      
      {
        "when": "number_3",
        "model": { "type": "minecraft:model", "model": "minecraft:item/ui/numbers/number_3" }
      },      
      {
        "when": "number_4",
        "model": { "type": "minecraft:model", "model": "minecraft:item/ui/numbers/number_4" }
      },      
      {
        "when": "number_5",
        "model": { "type": "minecraft:model", "model": "minecraft:item/ui/numbers/number_5" }
      },                                 
      {
        "when": "ferm1_button",
        "model": { "type": "minecraft:model", "model": "minecraft:item/ui/ferm_button" }
      },       
      {
        "when": "mine_button",
        "model": { "type": "minecraft:model", "model": "minecraft:item/ui/mine_button" }
      },  
      {
        "when": "samwill_button",
        "model": { "type": "minecraft:model", "model": "minecraft:item/ui/samwill_button" }
      },    
      {
        "when": "market_button",
        "model": { "type": "minecraft:model", "model": "minecraft:item/ui/market" }
      },                  
      {
        "when": "warp_case",
        "model": { "type": "minecraft:model", "model": "minecraft:item/ui/warp_case" }
      },  
      {
        "when": "warp_mine",
        "model": { "type": "minecraft:model", "model": "minecraft:item/ui/warp_mine" }
      },     
      {
        "when": "warp_casino",
        "model": { "type": "minecraft:model", "model": "minecraft:item/ui/warp_casino" }
      },     
      {
        "when": "warp_farm",
        "model": { "type": "minecraft:model", "model": "minecraft:item/ui/warp_farm" }
      },     
      {
        "when": "warp_sawmill",
        "model": { "type": "minecraft:model", "model": "minecraft:item/ui/warp_sawmill" }
      },     
      {
        "when": "warp_market",
        "model": { "type": "minecraft:model", "model": "minecraft:item/ui/warp_market" }
      },     
      {
        "when": "warp_ah",
        "model": { "type": "minecraft:model", "model": "minecraft:item/ui/warp_ah" }
      },     
      {
        "when": "warp_mob_arena",
        "model": { "type": "minecraft:model", "model": "minecraft:item/ui/warp_mob_arena" }
      },     
      {
        "when": "warp_pvp",
        "model": { "type": "minecraft:model", "model": "minecraft:item/ui/warp_pvp" }
      },                                                            
      {
        "when": "perseus_kit",
        "model": { "type": "minecraft:model", "model": "minecraft:item/ui/perseus_kit" }
      },
      {
        "when": "warrior_kit",
        "model": { "type": "minecraft:model", "model": "minecraft:item/ui/warrior_kit" }
      },
      {
        "when": "swordsman_kit",
        "model": { "type": "minecraft:model", "model": "minecraft:item/ui/swordsman_kit" }
      },
      {
        "when": "archer_kit",
        "model": { "type": "minecraft:model", "model": "minecraft:item/ui/archer_kit" }
      },
      {
        "when": "tank_kit",
        "model": { "type": "minecraft:model", "model": "minecraft:item/ui/tank_kit" }
      }, 
      {
        "when": "trickster_kit",
        "model": { "type": "minecraft:model", "model": "minecraft:item/ui/trickster_kit" }
      },    
      {
        "when": "healer_kit",
        "model": { "type": "minecraft:model", "model": "minecraft:item/ui/healer_kit" }
      },                                     
      {
        "when": "close_button",
        "model": { "type": "minecraft:model", "model": "minecraft:item/ui/close" }
      },
      {
        "when": "info_button",
        "model": { "type": "minecraft:model", "model": "minecraft:item/ui/info" }
      },
      {
        "when": "unlock_button",
        "model": { "type": "minecraft:model", "model": "minecraft:item/ui/unlock" }
      },
      {
        "when": "lock_button",
        "model": { "type": "minecraft:model", "model": "minecraft:item/ui/lock" }
      },
      {
        "when": "reward_claim",
        "model": { "type": "minecraft:model", "model": "minecraft:item/ui/reward_claimed" }
      },
      {
        "when": "reward150_noclaimed",
        "model": { "type": "minecraft:model", "model": "minecraft:item/ui/reward150_noclaimed" }
      },
      {
        "when": "reward150_claimed",
        "model": { "type": "minecraft:model", "model": "minecraft:item/ui/reward150_claimed" }
      },
      {
        "when": "reward150_ready",
        "model": { "type": "minecraft:model", "model": "minecraft:item/ui/reward150_ready" }
      },
      {
        "when": "reward_noclaim",
        "model": { "type": "minecraft:model", "model": "minecraft:item/ui/reward_noclaim" }
      },
      {
        "when": "reward_ready",
        "model": { "type": "minecraft:model", "model": "minecraft:item/ui/reward_ready" }
      },
      {
        "when": "upgrade_button",
        "model": { "type": "minecraft:model", "model": "minecraft:item/ui/upgrade" }
      },
      {
        "when": "empty_button",
        "model": { "type": "minecraft:model", "model": "minecraft:item/ui/empty" }
      },
      {
        "when": "inventory_button",
        "model": { "type": "minecraft:model", "model": "minecraft:item/ui/inventory" }
      },
      {
        "when": "prize_button",
        "model": { "type": "minecraft:model", "model": "minecraft:item/ui/prize" }
      },
      {
        "when": "prev_page",
        "model": { "type": "minecraft:model", "model": "minecraft:item/ui/prev_page" }
      },
      {
        "when": "next_page",
        "model": { "type": "minecraft:model", "model": "minecraft:item/ui/next_page" }
      },
      {
        "when": "cross_button",
        "model": { "type": "minecraft:model", "model": "minecraft:item/ui/cross" }
      },
      {
        "when": "ui_back",
        "model": { "type": "minecraft:model", "model": "minecraft:item/ui/back" }
      },
      {
        "when": "donate_cases",
        "model": { "type": "minecraft:model", "model": "minecraft:item/donate/cases" }
      },
      {
        "when": "donate_triton",
        "model": { "type": "minecraft:model", "model": "minecraft:item/donate/triton" }
      },
      {
        "when": "donate_kronos",
        "model": { "type": "model", "model": "minecraft:item/donate/kronos" }
      },
      {
        "when": "donate_pandar",
        "model": { "type": "minecraft:model", "model": "minecraft:item/donate/pandar" }
      },
      {
        "when": "donate_cerber",
        "model": { "type": "minecraft:model", "model": "minecraft:item/donate/cerber" }
      },
      {
        "when": "donate_phobos",
        "model": { "type": "minecraft:model", "model": "minecraft:item/donate/phobos" }
      },
      {
        "when": "donate_hydra",
        "model": { "type": "minecraft:model", "model": "minecraft:item/donate/hydra" }
      },
      {
        "when": "donate_phoenix",
        "model": { "type": "minecraft:model", "model": "minecraft:item/donate/phoenix" }
      },
      {
        "when": "donate_ares",
        "model": { "type": "minecraft:model", "model": "minecraft:item/donate/ares" }
      },
      {
        "when": "donate_player",
        "model": { "type": "minecraft:model", "model": "minecraft:item/donate/player" }
      }, 
      {
        "when": "donate_aristocrat",
        "model": { "type": "minecraft:model", "model": "minecraft:item/donate/aristocrat" }
      }, 
      {
        "when": "donate_yt",
        "model": { "type": "minecraft:model", "model": "minecraft:item/donate/yt" }
      },                
      {
        "when": "donate_ares_coins",
        "model": { "type": "minecraft:model", "model": "minecraft:item/donate/ares_coins" }
      },
      {
        "when": "donate_bp",
        "model": { "type": "minecraft:model", "model": "minecraft:item/donate/bp" }
      }
    ],
    "fallback": {
      "type": "minecraft:model",
      "model": "minecraft:item/paper"
    }
  }
}