{
  "model": {
    "type": "minecraft:select",
    "property": "minecraft:custom_model_data",
    "cases": [
      {
        "when": "i13",
        "model": { "type": "minecraft:model", "model": "minecraft:item/ui/items/i13" }
      },
      {
        "when": "i9",
        "model": { "type": "minecraft:model", "model": "minecraft:item/ui/items/i9" }
      },
      {
        "when": "i9_1",
        "model": { "type": "minecraft:model", "model": "minecraft:item/ui/items/i9_1" }
      }               
    ],
    "fallback": {
      "type": "minecraft:model",
      "model": "minecraft:item/fishing_rod"
    }
  }
}