{
    "providers": [ 
        {
            "type": "bitmap",
            "file": "minecraft:ui/ares.png",
            "ascent": 19,
            "height": 256,
            "chars": [
                    "\u011C"
                ]
        },         
        {
            "type": "bitmap",
            "file": "minecraft:ui/aresmenu_torg.png",
            "ascent": 76,
            "height": 256,
            "chars": [
                    "\u011B"
                ]
        },        
        {
            "type": "bitmap",
            "file": "minecraft:ui/pets2.png",
            "ascent": 19,
            "height": 256,
            "chars": [
                    "\u011A"
                ]
        },         
        {
            "type": "bitmap",
            "file": "minecraft:ui/pets1.png",
            "ascent": 19,
            "height": 256,
            "chars": [
                    "\u0119"
                ]
        },         
        {
            "type": "bitmap",
            "file": "minecraft:ui/pet.png",
            "ascent": 19,
            "height": 256,
            "chars": [
                    "\u0118"
                ]
        },         
        {
            "type": "bitmap",
            "file": "minecraft:ui/income_report.png",
            "ascent": 19,
            "height": 256,
            "chars": [
                    "\u0117"
                ]
        }, 
        {
            "type": "bitmap",
            "file": "minecraft:ui/reports.png",
            "ascent": 19,
            "height": 256,
            "chars": [
                    "\u0116"
                ]
        },                 
        {
            "type": "bitmap",
            "file": "minecraft:ui/grant.png",
            "ascent": 19,
            "height": 256,
            "chars": [
                    "\u0115"
                ]
        },         
        {
            "type": "bitmap",
            "file": "minecraft:ui/gifts.png",
            "ascent": 19,
            "height": 256,
            "chars": [
                    "\u0114"
                ]
        },        
        {
            "type": "bitmap",
            "file": "minecraft:ui/coll.png",
            "ascent": 19,
            "height": 256,
            "chars": [
                    "\u0113"
                ]
        },        
        {
            "type": "bitmap",
            "file": "minecraft:ui/daily.png",
            "ascent": 19,
            "height": 256,
            "chars": [
                    "\u0112"
                ]
        },         
        {
            "type": "bitmap",
            "file": "minecraft:others/chat_icons/warn.png",
            "ascent": 2,
            "height": 26,
            "chars": [
                    "\u0111"
                ]
        },        
        {
            "type": "bitmap",
            "file": "minecraft:others/chat_icons/jack.png",
            "ascent": 2,
            "height": 26,
            "chars": [
                    "\u0110"
                ]
        },         
        {
            "type": "bitmap",
            "file": "minecraft:others/chat_icons/col.png",
            "ascent": 2,
            "height": 26,
            "chars": [
                    "\u010F"
                ]
        },        
        {
            "type": "bitmap",
            "file": "minecraft:ui/stikers/15.png",
            "ascent": 10,
            "height": 15,
            "chars": [
                    "\u3C7E"
                ]
        },        
        {
            "type": "bitmap",
            "file": "minecraft:ui/stikers/14.png",
            "ascent": 10,
            "height": 15,
            "chars": [
                    "\u3C7D"
                ]
        },        
        {
            "type": "bitmap",
            "file": "minecraft:ui/stikers/13.png",
            "ascent": 10,
            "height": 15,
            "chars": [
                    "\u3C7C"
                ]
        },        
        {
            "type": "bitmap",
            "file": "minecraft:ui/stikers/12.png",
            "ascent": 10,
            "height": 15,
            "chars": [
                    "\u3C7B"
                ]
        },        
        {
            "type": "bitmap",
            "file": "minecraft:ui/stikers/11.png",
            "ascent": 10,
            "height": 15,
            "chars": [
                    "\u3C7A"
                ]
        },        
        {
            "type": "bitmap",
            "file": "minecraft:ui/stikers/10.png",
            "ascent": 10,
            "height": 15,
            "chars": [
                    "\u3C79"
                ]
        },        
        {
            "type": "bitmap",
            "file": "minecraft:ui/stikers/9.png",
            "ascent": 10,
            "height": 15,
            "chars": [
                    "\u3C78"
                ]
        },        
        {
            "type": "bitmap",
            "file": "minecraft:ui/stikers/8.png",
            "ascent": 10,
            "height": 15,
            "chars": [
                    "\u3C77"
                ]
        },        
        {
            "type": "bitmap",
            "file": "minecraft:ui/stikers/7.png",
            "ascent": 10,
            "height": 15,
            "chars": [
                    "\u3C76"
                ]
        },        
        {
            "type": "bitmap",
            "file": "minecraft:ui/stikers/6.png",
            "ascent": 10,
            "height": 15,
            "chars": [
                    "\u3C75"
                ]
        },        
        {
            "type": "bitmap",
            "file": "minecraft:ui/stikers/5.png",
            "ascent": 10,
            "height": 15,
            "chars": [
                    "\u3C74"
                ]
        },        
        {
            "type": "bitmap",
            "file": "minecraft:ui/stikers/4.png",
            "ascent": 10,
            "height": 15,
            "chars": [
                    "\u3C73"
                ]
        },        
        {
            "type": "bitmap",
            "file": "minecraft:ui/stikers/3.png",
            "ascent": 10,
            "height": 15,
            "chars": [
                    "\u3C72"
                ]
        },        
        {
            "type": "bitmap",
            "file": "minecraft:ui/stikers/2.png",
            "ascent": 10,
            "height": 15,
            "chars": [
                    "\u3C71"
                ]
        },        
        {
            "type": "bitmap",
            "file": "minecraft:ui/stikers/1.png",
            "ascent": 10,
            "height": 15,
            "chars": [
                    "\u3C70"
                ]
        },        
        {
            "type": "bitmap",
            "file": "minecraft:ui/stik_main.png",
            "ascent": 19,
            "height": 256,
            "chars": [
                    "\u010E"
                ]
        },          
        {
            "type": "bitmap",
            "file": "minecraft:ui/titles/70.png",
            "ascent": 8,
            "height": 9,
            "chars": [
                    "\u3C69"
                ]
        },         
        {
            "type": "bitmap",
            "file": "minecraft:ui/titles/69.png",
            "ascent": 8,
            "height": 9,
            "chars": [
                    "\u3C68"
                ]
        },        
        {
            "type": "bitmap",
            "file": "minecraft:ui/titles/68.png",
            "ascent": 8,
            "height": 9,
            "chars": [
                    "\u3C67"
                ]
        },        
        {
            "type": "bitmap",
            "file": "minecraft:ui/titles/67.png",
            "ascent": 8,
            "height": 9,
            "chars": [
                    "\u3C66"
                ]
        },        
        {
            "type": "bitmap",
            "file": "minecraft:ui/titles/66.png",
            "ascent": 8,
            "height": 9,
            "chars": [
                    "\u3C65"
                ]
        },                 
        {
            "type": "bitmap",
            "file": "minecraft:ui/titles/65.png",
            "ascent": 8,
            "height": 9,
            "chars": [
                    "\u3C64"
                ]
        },        
        {
            "type": "bitmap",
            "file": "minecraft:ui/titles/64.png",
            "ascent": 8,
            "height": 9,
            "chars": [
                    "\u3C63"
                ]
        },              
        {
            "type": "bitmap",
            "file": "minecraft:ui/titles/63.png",
            "ascent": 8,
            "height": 9,
            "chars": [
                    "\u3C62"
                ]
        },         
        {
            "type": "bitmap",
            "file": "minecraft:ui/titles/62.png",
            "ascent": 8,
            "height": 9,
            "chars": [
                    "\u3C61"
                ]
        },        
        {
            "type": "bitmap",
            "file": "minecraft:ui/titles/61.png",
            "ascent": 8,
            "height": 9,
            "chars": [
                    "\u3C60"
                ]
        },        
        {
            "type": "bitmap",
            "file": "minecraft:ui/titles/60.png",
            "ascent": 8,
            "height": 9,
            "chars": [
                    "\u3C59"
                ]
        },        
        {
            "type": "bitmap",
            "file": "minecraft:ui/titles/59.png",
            "ascent": 8,
            "height": 9,
            "chars": [
                    "\u3C58"
                ]
        },                 
        {
            "type": "bitmap",
            "file": "minecraft:ui/titles/58.png",
            "ascent": 8,
            "height": 9,
            "chars": [
                    "\u3C57"
                ]
        },        
        {
            "type": "bitmap",
            "file": "minecraft:ui/titles/57.png",
            "ascent": 8,
            "height": 9,
            "chars": [
                    "\u3C56"
                ]
        },        
        {
            "type": "bitmap",
            "file": "minecraft:ui/titles/56.png",
            "ascent": 8,
            "height": 9,
            "chars": [
                    "\u3C55"
                ]
        },         
        {
            "type": "bitmap",
            "file": "minecraft:ui/titles/55.png",
            "ascent": 8,
            "height": 9,
            "chars": [
                    "\u3C54"
                ]
        },         
        {
            "type": "bitmap",
            "file": "minecraft:ui/titles/54.png",
            "ascent": 8,
            "height": 9,
            "chars": [
                    "\u3C53"
                ]
        },        
        {
            "type": "bitmap",
            "file": "minecraft:ui/titles/53.png",
            "ascent": 8,
            "height": 9,
            "chars": [
                    "\u3C52"
                ]
        },        
        {
            "type": "bitmap",
            "file": "minecraft:ui/titles/52.png",
            "ascent": 8,
            "height": 9,
            "chars": [
                    "\u3C51"
                ]
        },        
        {
            "type": "bitmap",
            "file": "minecraft:ui/titles/51.png",
            "ascent": 8,
            "height": 9,
            "chars": [
                    "\u3C50"
                ]
        },                 
        {
            "type": "bitmap",
            "file": "minecraft:ui/titles/50.png",
            "ascent": 8,
            "height": 9,
            "chars": [
                    "\u3C49"
                ]
        },        
        {
            "type": "bitmap",
            "file": "minecraft:ui/titles/49.png",
            "ascent": 8,
            "height": 9,
            "chars": [
                    "\u3C48"
                ]
        },         
        {
            "type": "bitmap",
            "file": "minecraft:ui/titles/48.png",
            "ascent": 8,
            "height": 9,
            "chars": [
                    "\u3C47"
                ]
        },         
        {
            "type": "bitmap",
            "file": "minecraft:ui/titles/47.png",
            "ascent": 8,
            "height": 9,
            "chars": [
                    "\u3C46"
                ]
        },        
        {
            "type": "bitmap",
            "file": "minecraft:ui/titles/46.png",
            "ascent": 8,
            "height": 9,
            "chars": [
                    "\u3C45"
                ]
        },        
        {
            "type": "bitmap",
            "file": "minecraft:ui/titles/45.png",
            "ascent": 8,
            "height": 9,
            "chars": [
                    "\u3C44"
                ]
        },        
        {
            "type": "bitmap",
            "file": "minecraft:ui/titles/44.png",
            "ascent": 8,
            "height": 9,
            "chars": [
                    "\u3C43"
                ]
        },                 
        {
            "type": "bitmap",
            "file": "minecraft:ui/titles/43.png",
            "ascent": 8,
            "height": 9,
            "chars": [
                    "\u3C42"
                ]
        },        
        {
            "type": "bitmap",
            "file": "minecraft:ui/titles/42.png",
            "ascent": 8,
            "height": 9,
            "chars": [
                    "\u3C41"
                ]
        },        
        {
            "type": "bitmap",
            "file": "minecraft:ui/titles/41.png",
            "ascent": 8,
            "height": 9,
            "chars": [
                    "\u3C40"
                ]
        },                 
        {
            "type": "bitmap",
            "file": "minecraft:ui/titles/40.png",
            "ascent": 8,
            "height": 9,
            "chars": [
                    "\u3C39"
                ]
        },         
        {
            "type": "bitmap",
            "file": "minecraft:ui/titles/39.png",
            "ascent": 8,
            "height": 9,
            "chars": [
                    "\u3C38"
                ]
        },         
        {
            "type": "bitmap",
            "file": "minecraft:ui/titles/38.png",
            "ascent": 8,
            "height": 9,
            "chars": [
                    "\u3C37"
                ]
        },         
        {
            "type": "bitmap",
            "file": "minecraft:ui/titles/37.png",
            "ascent": 8,
            "height": 9,
            "chars": [
                    "\u3C36"
                ]
        },        
        {
            "type": "bitmap",
            "file": "minecraft:ui/titles/36.png",
            "ascent": 8,
            "height": 9,
            "chars": [
                    "\u3C35"
                ]
        },        
        {
            "type": "bitmap",
            "file": "minecraft:ui/titles/35.png",
            "ascent": 8,
            "height": 9,
            "chars": [
                    "\u3C34"
                ]
        },        
        {
            "type": "bitmap",
            "file": "minecraft:ui/titles/34.png",
            "ascent": 8,
            "height": 9,
            "chars": [
                    "\u3C33"
                ]
        },                 
        {
            "type": "bitmap",
            "file": "minecraft:ui/titles/33.png",
            "ascent": 8,
            "height": 9,
            "chars": [
                    "\u3C32"
                ]
        },         
        {
            "type": "bitmap",
            "file": "minecraft:ui/titles/32.png",
            "ascent": 8,
            "height": 9,
            "chars": [
                    "\u3C31"
                ]
        },         
        {
            "type": "bitmap",
            "file": "minecraft:ui/titles/31.png",
            "ascent": 8,
            "height": 9,
            "chars": [
                    "\u3C30"
                ]
        },         
        {
            "type": "bitmap",
            "file": "minecraft:ui/titles/30.png",
            "ascent": 8,
            "height": 9,
            "chars": [
                    "\u3C29"
                ]
        },        
        {
            "type": "bitmap",
            "file": "minecraft:ui/titles/29.png",
            "ascent": 8,
            "height": 9,
            "chars": [
                    "\u3C28"
                ]
        },        
        {
            "type": "bitmap",
            "file": "minecraft:ui/titles/28.png",
            "ascent": 8,
            "height": 9,
            "chars": [
                    "\u3C27"
                ]
        },        
        {
            "type": "bitmap",
            "file": "minecraft:ui/titles/27.png",
            "ascent": 8,
            "height": 9,
            "chars": [
                    "\u3C26"
                ]
        },                 
        {
            "type": "bitmap",
            "file": "minecraft:ui/titles/26.png",
            "ascent": 8,
            "height": 9,
            "chars": [
                    "\u3C25"
                ]
        },         
        {
            "type": "bitmap",
            "file": "minecraft:ui/titles/25.png",
            "ascent": 8,
            "height": 9,
            "chars": [
                    "\u3C24"
                ]
        },         
        {
            "type": "bitmap",
            "file": "minecraft:ui/titles/24.png",
            "ascent": 8,
            "height": 9,
            "chars": [
                    "\u3C23"
                ]
        },         
        {
            "type": "bitmap",
            "file": "minecraft:ui/titles/23.png",
            "ascent": 8,
            "height": 9,
            "chars": [
                    "\u3C22"
                ]
        },        
        {
            "type": "bitmap",
            "file": "minecraft:ui/titles/22.png",
            "ascent": 8,
            "height": 9,
            "chars": [
                    "\u3C21"
                ]
        },                 
        {
            "type": "bitmap",
            "file": "minecraft:ui/titles/21.png",
            "ascent": 8,
            "height": 9,
            "chars": [
                    "\u3C20"
                ]
        },
        {
            "type": "bitmap",
            "file": "minecraft:ui/titles/20.png",
            "ascent": 8,
            "height": 9,
            "chars": [
                    "\u3C19"
                ]
        },
        {
            "type": "bitmap",
            "file": "minecraft:ui/titles/19.png",
            "ascent": 8,
            "height": 9,
            "chars": [
                    "\u3C18"
                ]
        },
        {
            "type": "bitmap",
            "file": "minecraft:ui/titles/18.png",
            "ascent": 8,
            "height": 9,
            "chars": [
                    "\u3C17"
                ]
        },
        {
            "type": "bitmap",
            "file": "minecraft:ui/titles/17.png",
            "ascent": 8,
            "height": 9,
            "chars": [
                    "\u3C16"
                ]
        },
        {
            "type": "bitmap",
            "file": "minecraft:ui/titles/16.png",
            "ascent": 8,
            "height": 9,
            "chars": [
                    "\u3C15"
                ]
        },
        {
            "type": "bitmap",
            "file": "minecraft:ui/titles/15.png",
            "ascent": 8,
            "height": 9,
            "chars": [
                    "\u3C14"
                ]
        },                                                        
        {
            "type": "bitmap",
            "file": "minecraft:ui/titles/14.png",
            "ascent": 8,
            "height": 9,
            "chars": [
                    "\u3C13"
                ]
        },        
        {
            "type": "bitmap",
            "file": "minecraft:ui/titles/13.png",
            "ascent": 8,
            "height": 9,
            "chars": [
                    "\u3C12"
                ]
        },        
        {
            "type": "bitmap",
            "file": "minecraft:ui/titles/12.png",
            "ascent": 8,
            "height": 9,
            "chars": [
                    "\u3C11"
                ]
        },        
        {
            "type": "bitmap",
            "file": "minecraft:ui/titles/11.png",
            "ascent": 8,
            "height": 9,
            "chars": [
                    "\u3C10"
                ]
        },         
        {
            "type": "bitmap",
            "file": "minecraft:ui/titles/10.png",
            "ascent": 8,
            "height": 9,
            "chars": [
                    "\u3C09"
                ]
        },         
        {
            "type": "bitmap",
            "file": "minecraft:ui/titles/9.png",
            "ascent": 8,
            "height": 9,
            "chars": [
                    "\u3C08"
                ]
        },         
        {
            "type": "bitmap",
            "file": "minecraft:ui/titles/8.png",
            "ascent": 8,
            "height": 9,
            "chars": [
                    "\u3C07"
                ]
        },                 
        {
            "type": "bitmap",
            "file": "minecraft:ui/titles/7.png",
            "ascent": 8,
            "height": 9,
            "chars": [
                    "\u3C06"
                ]
        },                 
        {
            "type": "bitmap",
            "file": "minecraft:ui/titles/6.png",
            "ascent": 8,
            "height": 9,
            "chars": [
                    "\u3C05"
                ]
        },         
        {
            "type": "bitmap",
            "file": "minecraft:ui/titles/5.png",
            "ascent": 8,
            "height": 9,
            "chars": [
                    "\u3C04"
                ]
        },         
        {
            "type": "bitmap",
            "file": "minecraft:ui/titles/4.png",
            "ascent": 8,
            "height": 9,
            "chars": [
                    "\u3C03"
                ]
        },         
        {
            "type": "bitmap",
            "file": "minecraft:ui/titles/3.png",
            "ascent": 8,
            "height": 9,
            "chars": [
                    "\u3C02"
                ]
        },        
        {
            "type": "bitmap",
            "file": "minecraft:ui/titles/2.png",
            "ascent": 8,
            "height": 9,
            "chars": [
                    "\u3C01"
                ]
        },        
        {
            "type": "bitmap",
            "file": "minecraft:ui/titles/t1.png",
            "ascent": 8,
            "height": 9,
            "chars": [
                    "\u3C00"
                ]
        },         
        {
            "type": "bitmap",
            "file": "minecraft:ui/title_emojs.png",
            "ascent": 19,
            "height": 256,
            "chars": [
                    "\u010D"
                ]
        },        
        {
            "type": "bitmap",
            "file": "minecraft:ui/titles_main.png",
            "ascent": 19,
            "height": 256,
            "chars": [
                    "\u010C"
                ]
        },         
        {
            "type": "bitmap",
            "file": "minecraft:others/ng.png",
            "ascent": 24,
            "height": 32,
            "chars": [
                    "\u010B"
                ]
        },        
        {
            "type": "bitmap",
            "file": "minecraft:others/clan_chat.png",
            "ascent": 7,
            "height": 8,
            "chars": [
                    "\u010A"
                ]
        },          
        {
            "type": "bitmap",
            "file": "minecraft:ui/pexchange.png",
            "ascent": 19,
            "height": 256,
            "chars": [
                    "\u0109"
                ]
        },         
        {
            "type": "bitmap",
            "file": "minecraft:others/chat_icons/buybp.png",
            "ascent": 2,
            "height": 26,
            "chars": [
                    "\u0108"
                ]
        },        
        {
            "type": "bitmap",
            "file": "minecraft:ui/pvp.png",
            "ascent": 19,
            "height": 256,
            "chars": [
                    "\u0107"
                ]
        },          
        {
            "type": "bitmap",
            "file": "minecraft:ui/earn.png",
            "ascent": 19,
            "height": 256,
            "chars": [
                    "\u0106"
                ]
        },          
        {
            "type": "bitmap",
            "file": "minecraft:ui/jackpot.png",
            "ascent": 19,
            "height": 256,
            "chars": [
                    "\u0105"
                ]
        },          
        {
            "type": "bitmap",
            "file": "minecraft:others/chat_icons/clan.png",
            "ascent": 2,
            "height": 26,
            "chars": [
                    "\u0101"
                ]
        },
        {
            "type": "bitmap",
            "file": "minecraft:others/chat_icons/casino.png",
            "ascent": 2,
            "height": 26,
            "chars": [
                    "\u0102"
                ]
        },
        {
            "type": "bitmap",
            "file": "minecraft:others/npc/gifts.png",
            "ascent": 7,
            "height": 8,
            "chars": [
                    "\u0103"
                ]
        }, 
        {
            "type": "bitmap",
            "file": "minecraft:others/npc/jackpot.png",
            "ascent": 7,
            "height": 8,
            "chars": [
                    "\u0104"
                ]
        },                               
        {
            "type": "bitmap",
            "file": "minecraft:ui/settings.png",
            "ascent": 19,
            "height": 256,
            "chars": [
                    "\uBE17"
                ]
        },        
        {
            "type": "bitmap",
            "file": "minecraft:others/top_numbers/1.png",
            "ascent": 7,
            "height": 8,
            "chars": [
                    "\u2C01"
                ]
        },
        {
            "type": "bitmap",
            "file": "minecraft:others/top_numbers/2.png",
            "ascent": 7,
            "height": 8,
            "chars": [
                    "\u2C02"
                ]
        },
        {
            "type": "bitmap",
            "file": "minecraft:others/top_numbers/3.png",
            "ascent": 7,
            "height": 8,
            "chars": [
                    "\u2C03"
                ]
        },
        {
            "type": "bitmap",
            "file": "minecraft:others/top_numbers/4.png",
            "ascent": 7,
            "height": 8,
            "chars": [
                    "\u2C04"
                ]
        },
        {
            "type": "bitmap",
            "file": "minecraft:others/top_numbers/5.png",
            "ascent": 7,
            "height": 8,
            "chars": [
                    "\u2C05"
                ]
        },
        {
            "type": "bitmap",
            "file": "minecraft:others/top_numbers/6.png",
            "ascent": 7,
            "height": 8,
            "chars": [
                    "\u2C06"
                ]
        },
        {
            "type": "bitmap",
            "file": "minecraft:others/top_numbers/7.png",
            "ascent": 7,
            "height": 8,
            "chars": [
                    "\u2C07"
                ]
        },
        {
            "type": "bitmap",
            "file": "minecraft:others/top_numbers/8.png",
            "ascent": 7,
            "height": 8,
            "chars": [
                    "\u2C08"
                ]
        },
        {
            "type": "bitmap",
            "file": "minecraft:others/top_numbers/9.png",
            "ascent": 7,
            "height": 8,
            "chars": [
                    "\u2C09"
                ]
        },
        {
            "type": "bitmap",
            "file": "minecraft:others/top_numbers/10.png",
            "ascent": 7,
            "height": 8,
            "chars": [
                    "\u2C10"
                ]
        },
        {
            "type": "bitmap",
            "file": "minecraft:others/top_numbers/11.png",
            "ascent": 7,
            "height": 8,
            "chars": [
                    "\u2C11"
                ]
        },
        {
            "type": "bitmap",
            "file": "minecraft:others/top_numbers/12.png",
            "ascent": 7,
            "height": 8,
            "chars": [
                    "\u2C12"
                ]
        },
        {
            "type": "bitmap",
            "file": "minecraft:others/top_numbers/13.png",
            "ascent": 7,
            "height": 8,
            "chars": [
                    "\u2C13"
                ]
        },
        {
            "type": "bitmap",
            "file": "minecraft:others/top_numbers/14.png",
            "ascent": 7,
            "height": 8,
            "chars": [
                    "\u2C14"
                ]
        },
        {
            "type": "bitmap",
            "file": "minecraft:others/top_numbers/15.png",
            "ascent": 7,
            "height": 8,
            "chars": [
                    "\u2C15"
                ]
        },                                                                                
        {
            "type": "bitmap",
            "file": "minecraft:ui/clan_main.png",
            "ascent": 19,
            "height": 256,
            "chars": [
                    "\uBEFF"
                ]
        },
                {
            "type": "bitmap",
            "file": "minecraft:ui/clan_upg.png",
            "ascent": 19,
            "height": 256,
            "chars": [
                    "\uBEFE"
                ]
        },
                {
            "type": "bitmap",
            "file": "minecraft:ui/clan_player.png",
            "ascent": 19,
            "height": 256,
            "chars": [
                    "\uBEFD"
                ]
        },                
        {
            "type": "bitmap",
            "file": "minecraft:ui/aresmenu_glav.png",
            "ascent": 76,
            "height": 256,
            "chars": [
                    "\uBE10"
                ]
        },
        {
            "type": "bitmap",
            "file": "minecraft:ui/aresmenu_helpglav.png",
            "ascent": 76,
            "height": 256,
            "chars": [
                    "\uBE11"
                ]
        },
        {
            "type": "bitmap",
            "file": "minecraft:ui/aresmenu_barglav.png",
            "ascent": 76,
            "height": 256,
            "chars": [
                    "\uBE12"
                ]
        },
        {
            "type": "bitmap",
            "file": "minecraft:ui/cosm.png",
            "ascent": 19,
            "height": 256,
            "chars": [
                    "\uBE13"
                ]
        },
        {
            "type": "bitmap",
            "file": "minecraft:ui/bp.png",
            "ascent": 19,
            "height": 256,
            "chars": [
                    "\uBE14"
                ]
        },  
        {
            "type": "bitmap",
            "file": "minecraft:ui/aresmenu_battle.png",
            "ascent": 76,
            "height": 256,
            "chars": [
                    "\uBE15"
                ]
        },
        {
            "type": "bitmap",
            "file": "minecraft:ui/aresmenu_info.png",
            "ascent": 76,
            "height": 256,
            "chars": [
                    "\uBE16"
                ]
        },                                                        
        {
            "type": "bitmap",
            "file": "minecraft:ui/cases/line_aor.png",
            "ascent": 19,
            "height": 256,
            "chars": [
                    "\uC4F7"
                ]
        },         
        {
            "type": "bitmap",
            "file": "minecraft:ui/cases/case_inv2_1_7.png",
            "ascent": 19,
            "height": 256,
            "chars": [
                    "\uC4F0"
                ]
        },
        {
            "type": "bitmap",
            "file": "minecraft:ui/cases/case_inv2_2_7.png",
            "ascent": 19,
            "height": 256,
            "chars": [
                    "\uC4F1"
                ]
        },
        {
            "type": "bitmap",
            "file": "minecraft:ui/cases/case_inv2_3_7.png",
            "ascent": 19,
            "height": 256,
            "chars": [
                    "\uC4F2"
                ]
        },
        {
            "type": "bitmap",
            "file": "minecraft:ui/cases/case_inv2_4_7.png",
            "ascent": 19,
            "height": 256,
            "chars": [
                    "\uC4F3"
                ]
        },
        {
            "type": "bitmap",
            "file": "minecraft:ui/cases/case_inv2_5_7.png",
            "ascent": 19,
            "height": 256,
            "chars": [
                    "\uC4F4"
                ]
        }, 
        {
            "type": "bitmap",
            "file": "minecraft:ui/cases/case_inv2_6_7.png",
            "ascent": 19,
            "height": 256,
            "chars": [
                    "\uC4F5"
                ]
        },
        {
            "type": "bitmap",
            "file": "minecraft:ui/cases/case_inv2_7_7.png",
            "ascent": 19,
            "height": 256,
            "chars": [
                    "\uC4F6"
                ]
        },                                                        
        {
            "type": "bitmap",
            "file": "minecraft:ui/cases/case_inv_1.png",
            "ascent": 19,
            "height": 256,
            "chars": [
                    "\uBE0F"
                ]
        },        
        {
            "type": "bitmap",
            "file": "minecraft:ui/merchant/merchant9_2_2.png",
            "ascent": 19,
            "height": 256,
            "chars": [
                    "\uC225"
                ]
        }, 
        {
            "type": "bitmap",
            "file": "minecraft:ui/merchant/merchant9_1_2.png",
            "ascent": 19,
            "height": 256,
            "chars": [
                    "\uC224"
                ]
        },         
        {
            "type": "bitmap",
            "file": "minecraft:ui/merchant/merchant8_4_4.png",
            "ascent": 19,
            "height": 256,
            "chars": [
                    "\uC223"
                ]
        }, 
        {
            "type": "bitmap",
            "file": "minecraft:ui/merchant/merchant8_3_4.png",
            "ascent": 19,
            "height": 256,
            "chars": [
                    "\uC222"
                ]
        },         
        {
            "type": "bitmap",
            "file": "minecraft:ui/merchant/merchant8_2_4.png",
            "ascent": 19,
            "height": 256,
            "chars": [
                    "\uC221"
                ]
        }, 
        {
            "type": "bitmap",
            "file": "minecraft:ui/merchant/merchant8_1_4.png",
            "ascent": 19,
            "height": 256,
            "chars": [
                    "\uC220"
                ]
        },        
        {
            "type": "bitmap",
            "file": "minecraft:ui/merchant/merchant7_2_2.png",
            "ascent": 19,
            "height": 256,
            "chars": [
                    "\uC215"
                ]
        }, 
        {
            "type": "bitmap",
            "file": "minecraft:ui/merchant/merchant7_1_2.png",
            "ascent": 19,
            "height": 256,
            "chars": [
                    "\uC214"
                ]
        },        
        {
            "type": "bitmap",
            "file": "minecraft:ui/merchant/merchant6_4_4.png",
            "ascent": 19,
            "height": 256,
            "chars": [
                    "\uC213"
                ]
        }, 
        {
            "type": "bitmap",
            "file": "minecraft:ui/merchant/merchant6_3_4.png",
            "ascent": 19,
            "height": 256,
            "chars": [
                    "\uC212"
                ]
        },
        {
            "type": "bitmap",
            "file": "minecraft:ui/merchant/merchant6_2_4.png",
            "ascent": 19,
            "height": 256,
            "chars": [
                    "\uC211"
                ]
        },
        {
            "type": "bitmap",
            "file": "minecraft:ui/merchant/merchant6_1_4.png",
            "ascent": 19,
            "height": 256,
            "chars": [
                    "\uC210"
                ]
        },                               
        {
            "type": "bitmap",
            "file": "minecraft:ui/merchant/merchant5_15_15.png",
            "ascent": 19,
            "height": 256,
            "chars": [
                    "\uC2FE"
                ]
        },        
        {
            "type": "bitmap",
            "file": "minecraft:ui/merchant/merchant5_14_15.png",
            "ascent": 19,
            "height": 256,
            "chars": [
                    "\uC2FD"
                ]
        },        
        {
            "type": "bitmap",
            "file": "minecraft:ui/merchant/merchant5_13_15.png",
            "ascent": 19,
            "height": 256,
            "chars": [
                    "\uC2FC"
                ]
        },        
        {
            "type": "bitmap",
            "file": "minecraft:ui/merchant/merchant5_12_15.png",
            "ascent": 19,
            "height": 256,
            "chars": [
                    "\uC2FB"
                ]
        },        
        {
            "type": "bitmap",
            "file": "minecraft:ui/merchant/merchant5_11_15.png",
            "ascent": 19,
            "height": 256,
            "chars": [
                    "\uC2FA"
                ]
        },        
        {
            "type": "bitmap",
            "file": "minecraft:ui/merchant/merchant5_10_15.png",
            "ascent": 19,
            "height": 256,
            "chars": [
                    "\uC2F9"
                ]
        },        
        {
            "type": "bitmap",
            "file": "minecraft:ui/merchant/merchant5_9_15.png",
            "ascent": 19,
            "height": 256,
            "chars": [
                    "\uC2F8"
                ]
        },        
        {
            "type": "bitmap",
            "file": "minecraft:ui/merchant/merchant5_8_15.png",
            "ascent": 19,
            "height": 256,
            "chars": [
                    "\uC2F7"
                ]
        },        
        {
            "type": "bitmap",
            "file": "minecraft:ui/merchant/merchant5_7_15.png",
            "ascent": 19,
            "height": 256,
            "chars": [
                    "\uC2F6"
                ]
        },        
        {
            "type": "bitmap",
            "file": "minecraft:ui/merchant/merchant5_6_15.png",
            "ascent": 19,
            "height": 256,
            "chars": [
                    "\uC2F5"
                ]
        },        
        {
            "type": "bitmap",
            "file": "minecraft:ui/merchant/merchant5_5_15.png",
            "ascent": 19,
            "height": 256,
            "chars": [
                    "\uC2F4"
                ]
        },        
        {
            "type": "bitmap",
            "file": "minecraft:ui/merchant/merchant5_4_15.png",
            "ascent": 19,
            "height": 256,
            "chars": [
                    "\uC2F3"
                ]
        },        
        {
            "type": "bitmap",
            "file": "minecraft:ui/merchant/merchant5_3_15.png",
            "ascent": 19,
            "height": 256,
            "chars": [
                    "\uC2F2"
                ]
        },        
        {
            "type": "bitmap",
            "file": "minecraft:ui/merchant/merchant5_2_15.png",
            "ascent": 19,
            "height": 256,
            "chars": [
                    "\uC2F1"
                ]
        },        
        {
            "type": "bitmap",
            "file": "minecraft:ui/merchant/merchant5_1_15.png",
            "ascent": 19,
            "height": 256,
            "chars": [
                    "\uC2F0"
                ]
        },        
        {
            "type": "bitmap",
            "file": "minecraft:ui/merchant/merchant4_4_4.png",
            "ascent": 19,
            "height": 256,
            "chars": [
                    "\uC20A"
                ]
        },
        {
            "type": "bitmap",
            "file": "minecraft:ui/merchant/merchant4_3_4.png",
            "ascent": 19,
            "height": 256,
            "chars": [
                    "\uC209"
                ]
        },  
                {
            "type": "bitmap",
            "file": "minecraft:ui/merchant/merchant4_2_4.png",
            "ascent": 19,
            "height": 256,
            "chars": [
                    "\uC208"
                ]
        },  
        {
            "type": "bitmap",
            "file": "minecraft:ui/merchant/merchant4_1_4.png",
            "ascent": 19,
            "height": 256,
            "chars": [
                    "\uC207"
                ]
        },                            
        {
            "type": "bitmap",
            "file": "minecraft:ui/merchant/merchant3_2_2.png",
            "ascent": 19,
            "height": 256,
            "chars": [
                    "\uC206"
                ]
        },        
        {
            "type": "bitmap",
            "file": "minecraft:ui/merchant/merchant3_1_2.png",
            "ascent": 19,
            "height": 256,
            "chars": [
                    "\uC205"
                ]
        },        
        {
            "type": "bitmap",
            "file": "minecraft:ui/merchant/merchant2_2_2.png",
            "ascent": 19,
            "height": 256,
            "chars": [
                    "\uC204"
                ]
        },        
        {
            "type": "bitmap",
            "file": "minecraft:ui/merchant/merchant2_1_2.png",
            "ascent": 19,
            "height": 256,
            "chars": [
                    "\uC203"
                ]
        },      
        {
            "type": "bitmap",
            "file": "minecraft:ui/merchant/merchant1_1_3.png",
            "ascent": 19,
            "height": 256,
            "chars": [
                    "\uC200"
                ]
        },
        {
            "type": "bitmap",
            "file": "minecraft:ui/merchant/merchant1_2_3.png",
            "ascent": 19,
            "height": 256,
            "chars": [
                    "\uC201"
                ]
        }, 
        {
            "type": "bitmap",
            "file": "minecraft:ui/merchant/merchant1_3_3.png",
            "ascent": 19,
            "height": 256,
            "chars": [
                    "\uC202"
                ]
        },                         
        {
            "type": "bitmap",
            "file": "minecraft:ui/alchemist_potions.png",
            "ascent": 19,
            "height": 256,
            "chars": [
                    "\uC400"
                ]
        },
        {
            "type": "bitmap",
            "file": "minecraft:ui/alchemist_player.png",
            "ascent": 19,
            "height": 256,
            "chars": [
                    "\uC401"
                ]
        },
        {
            "type": "bitmap",
            "file": "minecraft:ui/alchemist_enchant.png",
            "ascent": 19,
            "height": 256,
            "chars": [
                    "\uC402"
                ]
        },
        {
            "type": "bitmap",
            "file": "minecraft:ui/alchemist_enchantremove.png",
            "ascent": 19,
            "height": 256,
            "chars": [
                    "\uC403"
                ]
        },
        {
            "type": "bitmap",
            "file": "minecraft:ui/alchemist_exp.png",
            "ascent": 19,
            "height": 256,
            "chars": [
                    "\uC404"
                ]
        },                                             
        {
            "type": "bitmap",
            "file": "minecraft:ui/keys_change.png",
            "ascent": 19,
            "height": 256,
            "chars": [
                    "\uC333"
                ]
        },        
        {
            "type": "bitmap",
            "file": "minecraft:ui/keys_swap_1_3.png",
            "ascent": 19,
            "height": 256,
            "chars": [
                    "\uC330"
                ]
        },
        {
            "type": "bitmap",
            "file": "minecraft:ui/keys_swap_2_3.png",
            "ascent": 19,
            "height": 256,
            "chars": [
                    "\uC331"
                ]
        }, 
        {
            "type": "bitmap",
            "file": "minecraft:ui/keys_swap_3_3.png",
            "ascent": 19,
            "height": 256,
            "chars": [
                    "\uC332"
                ]
        },                       
        {
            "type": "bitmap",
            "file": "minecraft:ui/shop/shop1.png",
            "ascent": 19,
            "height": 256,
            "chars": [
                    "\uC320"
                ]
        },
        {
            "type": "bitmap",
            "file": "minecraft:ui/shop/shop2.png",
            "ascent": 19,
            "height": 256,
            "chars": [
                    "\uC321"
                ]
        },
        {
            "type": "bitmap",
            "file": "minecraft:ui/shop/shop3.png",
            "ascent": 19,
            "height": 256,
            "chars": [
                    "\uC322"
                ]
        },
        {
            "type": "bitmap",
            "file": "minecraft:ui/shop/shop4.png",
            "ascent": 19,
            "height": 256,
            "chars": [
                    "\uC323"
                ]
        },
        {
            "type": "bitmap",
            "file": "minecraft:ui/shop/shop5.png",
            "ascent": 19,
            "height": 256,
            "chars": [
                    "\uC324"
                ]
        },
        {
            "type": "bitmap",
            "file": "minecraft:ui/shop/shop6.png",
            "ascent": 19,
            "height": 256,
            "chars": [
                    "\uC325"
                ]
        },
        {
            "type": "bitmap",
            "file": "minecraft:ui/shop/shop7.png",
            "ascent": 19,
            "height": 256,
            "chars": [
                    "\uC326"
                ]
        },
        {
            "type": "bitmap",
            "file": "minecraft:ui/shop/shop8.png",
            "ascent": 19,
            "height": 256,
            "chars": [
                    "\uC327"
                ]
        },
        {
            "type": "bitmap",
            "file": "minecraft:ui/shop/shop9.png",
            "ascent": 19,
            "height": 256,
            "chars": [
                    "\uC328"
                ]
        },                                                                        
        {
            "type": "bitmap",
            "file": "minecraft:ui/cases/case_no_select.png",
            "ascent": 19,
            "height": 256,
            "chars": [
                    "\uC300"
                ]
        },
        {
            "type": "bitmap",
            "file": "minecraft:ui/cases/anim_1.png",
            "ascent": 19,
            "height": 256,
            "chars": [
                    "\uC3FF"
                ]
        }, 
        {
            "type": "bitmap",
            "file": "minecraft:ui/cases/anim_3.png",
            "ascent": 19,
            "height": 256,
            "chars": [
                    "\uC3FE"
                ]
        },
        {
            "type": "bitmap",
            "file": "minecraft:ui/cases/anim_5.png",
            "ascent": 19,
            "height": 256,
            "chars": [
                    "\uC3FD"
                ]
        },                         
        {
            "type": "bitmap",
            "file": "minecraft:ui/cases/test_case_1.png",
            "ascent": 19,
            "height": 256,
            "chars": [
                    "\uC301"
                ]
        },
        {
            "type": "bitmap",
            "file": "minecraft:ui/cases/test_case_2.png",
            "ascent": 19,
            "height": 256,
            "chars": [
                    "\uC302"
                ]
        },
        {
            "type": "bitmap",
            "file": "minecraft:ui/cases/ares_case_1.png",
            "ascent": 19,
            "height": 256,
            "chars": [
                    "\uC303"
                ]
        },
        {
            "type": "bitmap",
            "file": "minecraft:ui/cases/ares_case_2.png",
            "ascent": 19,
            "height": 256,
            "chars": [
                    "\uC304"
                ]
        },
        {
            "type": "bitmap",
            "file": "minecraft:ui/cases/kit_case_1.png",
            "ascent": 19,
            "height": 256,
            "chars": [
                    "\uC305"
                ]
        },
        {
            "type": "bitmap",
            "file": "minecraft:ui/cases/kit_case_2.png",
            "ascent": 19,
            "height": 256,
            "chars": [
                    "\uC306"
                ]
        }, 
        {
            "type": "bitmap",
            "file": "minecraft:ui/cases/shop_case_1.png",
            "ascent": 19,
            "height": 256,
            "chars": [
                    "\uC307"
                ]
        },
        {
            "type": "bitmap",
            "file": "minecraft:ui/cases/shop_case_2.png",
            "ascent": 19,
            "height": 256,
            "chars": [
                    "\uC308"
                ]
        },  
        {
            "type": "bitmap",
            "file": "minecraft:ui/cases/aon_case_1.png",
            "ascent": 19,
            "height": 256,
            "chars": [
                    "\uC309"
                ]
        },
        {
            "type": "bitmap",
            "file": "minecraft:ui/cases/aon_case_2.png",
            "ascent": 19,
            "height": 256,
            "chars": [
                    "\uC30A"
                ]
        },
        {
            "type": "bitmap",
            "file": "minecraft:ui/cases/cosm_case_1.png",
            "ascent": 19,
            "height": 256,
            "chars": [
                    "\uC30B"
                ]
        },
        {
            "type": "bitmap",
            "file": "minecraft:ui/cases/cosm_case_2.png",
            "ascent": 19,
            "height": 256,
            "chars": [
                    "\uC30C"
                ]
        },
        {
            "type": "bitmap",
            "file": "minecraft:ui/cases/don_small_case_1.png",
            "ascent": 19,
            "height": 256,
            "chars": [
                    "\uC310"
                ]
        },
        {
            "type": "bitmap",
            "file": "minecraft:ui/cases/don_small_case_2.png",
            "ascent": 19,
            "height": 256,
            "chars": [
                    "\uC311"
                ]
        }, 
        {
            "type": "bitmap",
            "file": "minecraft:ui/cases/don_big_case_1.png",
            "ascent": 19,
            "height": 256,
            "chars": [
                    "\uC312"
                ]
        },
        {
            "type": "bitmap",
            "file": "minecraft:ui/cases/don_big_case_2.png",
            "ascent": 19,
            "height": 256,
            "chars": [
                    "\uC313"
                ]
        },
        {
            "type": "bitmap",
            "file": "minecraft:others/regions/market.png",
            "ascent": 7,
            "height": 15,
            "chars": [
                    "\uD57D"
                ]
        },                                                                                              
        {
            "type": "bitmap",
            "file": "minecraft:others/regions/spawn.png",
            "ascent": 7,
            "height": 15,
            "chars": [
                    "\u1583"
                ]
        },   
        {
            "type": "bitmap",
            "file": "minecraft:others/regions/ferm.png",
            "ascent": 7,
            "height": 15,
            "chars": [
                    "\u4DFF"
                ]
        },                       
        {
            "type": "bitmap",
            "file": "minecraft:others/regions/pvp_arena.png",
            "ascent": 7,
            "height": 15,
            "chars": [
                    "\u1584"
                ]
        },   
        {
            "type": "bitmap",
            "file": "minecraft:others/regions/mob_arena.png",
            "ascent": 7,
            "height": 15,
            "chars": [
                    "\u38C0"
                ]
        },   
        {
            "type": "bitmap",
            "file": "minecraft:others/regions/mine.png",
            "ascent": 7,
            "height": 15,
            "chars": [
                    "\u38C1"
                ]
        },                   
        {
            "type": "bitmap",
            "file": "minecraft:others/regions/zone_your.png",
            "ascent": 7,
            "height": 15,
            "chars": [
                    "\u1585"
                ]
        },
        {
            "type": "bitmap",
            "file": "minecraft:others/regions/zone_other.png",
            "ascent": 7,
            "height": 15,
            "chars": [
                    "\u1586"
                ]
        },
        {
            "type": "bitmap",
            "file": "minecraft:others/regions/zone_free.png",
            "ascent": 7,
            "height": 15,
            "chars": [
                    "\u1587"
                ]
        },             
        {
            "type": "bitmap",
            "file": "minecraft:others/npc/bp.png",
            "ascent": 7,
            "height": 8,
            "chars": [
                    "\u12F0"
                ]
        },
        {
            "type": "bitmap",
            "file": "minecraft:others/npc/cosmetic.png",
            "ascent": 7,
            "height": 8,
            "chars": [
                    "\u12F1"
                ]
        },
        {
            "type": "bitmap",
            "file": "minecraft:others/npc/prize.png",
            "ascent": 7,
            "height": 8,
            "chars": [
                    "\u12F2"
                ]
        }, 
        {
            "type": "bitmap",
            "file": "minecraft:others/npc/bonus.png",
            "ascent": 7,
            "height": 8,
            "chars": [
                    "\u12F3"
                ]
        },
        {
            "type": "bitmap",
            "file": "minecraft:others/npc/referals.png",
            "ascent": 7,
            "height": 8,
            "chars": [
                    "\u12F4"
                ]
        },  
        {
            "type": "bitmap",
            "file": "minecraft:others/npc/croupier.png",
            "ascent": 7,
            "height": 8,
            "chars": [
                    "\u12F5"
                ]
        },
        {
            "type": "bitmap",
            "file": "minecraft:others/npc/events.png",
            "ascent": 15,
            "height": 16,
            "chars": [
                    "\u12F6"
                ]
        },    
        {
            "type": "bitmap",
            "file": "minecraft:others/npc/earning.png",
            "ascent": 7,
            "height": 8,
            "chars": [
                    "\u12F7"
                ]
        },
        {
            "type": "bitmap",
            "file": "minecraft:others/npc/seller.png",
            "ascent": 7,
            "height": 8,
            "chars": [
                    "\u12F8"
                ]
        },  
        {
            "type": "bitmap",
            "file": "minecraft:others/npc/buyer.png",
            "ascent": 7,
            "height": 8,
            "chars": [
                    "\u12F9"
                ]
        },
        {
            "type": "bitmap",
            "file": "minecraft:others/npc/auction.png",
            "ascent": 7,
            "height": 8,
            "chars": [
                    "\u12FA"
                ]
        },    
        {
            "type": "bitmap",
            "file": "minecraft:others/npc/alchemist.png",
            "ascent": 7,
            "height": 8,
            "chars": [
                    "\u12FB"
                ]
        },                                            
        {
            "type": "bitmap",
            "file": "minecraft:groups/admin.png",
            "ascent": 7,
            "height": 8,
            "chars": [
                    "\u0200"
                ]
        },
        {
            "type": "bitmap",
            "file": "minecraft:groups/smoder.png",
            "ascent": 7,
            "height": 8,
            "chars": [
                    "\u0201"
                ]
        },
        {
            "type": "bitmap",
            "file": "minecraft:groups/moder.png",
            "ascent": 7,
            "height": 8,
            "chars": [
                    "\u0202"
                ]
        },
        {
            "type": "bitmap",
            "file": "minecraft:groups/shelper.png",
            "ascent": 7,
            "height": 8,
            "chars": [
                    "\u0203"
                ]
        },
        {
            "type": "bitmap",
            "file": "minecraft:groups/helper.png",
            "ascent": 7,
            "height": 8,
            "chars": [
                    "\u0204"
                ]
        }, 
        {
            "type": "bitmap",
            "file": "minecraft:groups/youtuber.png",
            "ascent": 7,
            "height": 8,
            "chars": [
                    "\u0205"
                ]
        },
        {
            "type": "bitmap",
            "file": "minecraft:groups/cold.png",
            "ascent": 7,
            "height": 8,
            "chars": [
                    "\u02AF"
                ]
        },    
        {
            "type": "bitmap",
            "file": "minecraft:groups/winter.png",
            "ascent": 7,
            "height": 8,
            "chars": [
                    "\u02AE"
                ]
        },              
        {
            "type": "bitmap",
            "file": "minecraft:groups/aristocrat.png",
            "ascent": 7,
            "height": 8,
            "chars": [
                    "\u0206"
                ]
        }, 
        {
            "type": "bitmap",
            "file": "minecraft:groups/ares.png",
            "ascent": 7,
            "height": 8,
            "chars": [
                    "\u0207"
                ]
        }, 
        {
            "type": "bitmap",
            "file": "minecraft:groups/phobos.png",
            "ascent": 7,
            "height": 8,
            "chars": [
                    "\u0208"
                ]
        }, 
        {
            "type": "bitmap",
            "file": "minecraft:groups/kronos.png",
            "ascent": 7,
            "height": 8,
            "chars": [
                    "\u0209"
                ]
        }, 
        {
            "type": "bitmap",
            "file": "minecraft:groups/pandar.png",
            "ascent": 7,
            "height": 8,
            "chars": [
                    "\u020A"
                ]
        },
        {
            "type": "bitmap",
            "file": "minecraft:groups/phoenix.png",
            "ascent": 7,
            "height": 8,
            "chars": [
                    "\u020B"
                ]
        },
        {
            "type": "bitmap",
            "file": "minecraft:groups/triton.png",
            "ascent": 7,
            "height": 8,
            "chars": [
                    "\u020C"
                ]
        },
        {
            "type": "bitmap",
            "file": "minecraft:groups/cerberus.png",
            "ascent": 7,
            "height": 8,
            "chars": [
                    "\u020D"
                ]
        }, 
        {
            "type": "bitmap",
            "file": "minecraft:groups/hydra.png",
            "ascent": 7,
            "height": 8,
            "chars": [
                    "\u020E"
                ]
        },
        {
            "type": "bitmap",
            "file": "minecraft:groups/default.png",
            "ascent": 7,
            "height": 8,
            "chars": [
                    "\u020F"
                ]
        },
        {
            "type": "bitmap",
            "file": "minecraft:groups/heat.png",
            "ascent": 7,
            "height": 8,
            "chars": [
                    "\u0210"
                ]
        },
        {
            "type": "bitmap",
            "file": "minecraft:groups/summer.png",
            "ascent": 7,
            "height": 8,
            "chars": [
                    "\u0211"
                ]
        },
        {
            "type": "bitmap",
            "file": "minecraft:ui/auction_inv.png",
            "ascent": 19,
            "height": 256,
            "chars": [
                    "\uBE0D"
                ]
        },        
        {
            "type": "bitmap",
            "file": "minecraft:ui/auction_main.png",
            "ascent": 19,
            "height": 256,
            "chars": [
                    "\uBE0C"
                ]
        },         
        {
            "type": "bitmap",
            "file": "minecraft:ui/rtp.png",
            "ascent": 19,
            "height": 256,
            "chars": [
                    "\uBE0B"
                ]
        },        
        {
            "type": "bitmap",
            "file": "minecraft:ui/server_select.png",
            "ascent": 19,
            "height": 256,
            "chars": [
                    "\uBE0A"
                ]
        },         
        {
            "type": "bitmap",
            "file": "minecraft:ui/kit.png",
            "ascent": 19,
            "height": 256,
            "chars": [
                    "\uBE09"
                ]
        },        
        {
            "type": "bitmap",
            "file": "minecraft:ui/kits.png",
            "ascent": 19,
            "height": 256,
            "chars": [
                    "\uBE08"
                ]
        },        
        {
            "type": "bitmap",
            "file": "minecraft:ui/enderchest.png",
            "ascent": 19,
            "height": 256,
            "chars": [
                    "\uBE07"
                ]
        },        
        {
            "type": "bitmap",
            "file": "minecraft:ui/referal_my.png",
            "ascent": 19,
            "height": 256,
            "chars": [
                    "\uBE06"
                ]
        },         
        {
            "type": "bitmap",
            "file": "minecraft:ui/referal_rewards.png",
            "ascent": 19,
            "height": 256,
            "chars": [
                    "\uBE05"
                ]
        },          
        {
            "type": "bitmap",
            "file": "minecraft:ui/referal_main.png",
            "ascent": 19,
            "height": 256,
            "chars": [
                    "\uBE04"
                ]
        },          
        {
            "type": "bitmap",
            "file": "minecraft:ui/homes_others.png",
            "ascent": 19,
            "height": 256,
            "chars": [
                    "\uBE03"
                ]
        },          
        {
            "type": "bitmap",
            "file": "minecraft:ui/profile.png",
            "ascent": 19,
            "height": 256,
            "chars": [
                    "\uBE02"
                ]
        },                
        {
            "type": "bitmap",
            "file": "minecraft:ui/donate.png",
            "ascent": 19,
            "height": 256,
            "chars": [
                    "\u3200"
                ]
        },
        {
            "type": "bitmap",
            "file": "minecraft:ui/auctionist.png",
            "ascent": 19,
            "height": 256,
            "chars": [
                    "\uCDF0"
                ]
        },  
        {
            "type": "bitmap",
            "file": "minecraft:ui/homes.png",
            "ascent": 19,
            "height": 256,
            "chars": [
                    "\uBE01"
                ]
        },          
        {
            "type": "bitmap",
            "file": "minecraft:ui/confirm_buy_menu.png",
            "ascent": 19,
            "height": 256,
            "chars": [
                    "\uBE00"
                ]
        },               
        {
            "type": "bitmap",
            "file": "minecraft:ui/auction/player_market.png",
            "ascent": 19,
            "height": 256,
            "chars": [
                    "\uCDFF"
                ]
        },    
        {
            "type": "bitmap",
            "file": "minecraft:ui/auction/your_market.png",
            "ascent": 19,
            "height": 256,
            "chars": [
                    "\uCDFE"
                ]
        },  
        {
            "type": "bitmap",
            "file": "minecraft:ui/auction/market_1_15.png",
            "ascent": 19,
            "height": 256,
            "chars": [
                    "\uCD00"
                ]
        },   
        {
            "type": "bitmap",
            "file": "minecraft:ui/auction/market_2_15.png",
            "ascent": 19,
            "height": 256,
            "chars": [
                    "\uCD01"
                ]
        },
        {
            "type": "bitmap",
            "file": "minecraft:ui/auction/market_3_15.png",
            "ascent": 19,
            "height": 256,
            "chars": [
                    "\uCD02"
                ]
        },
        {
            "type": "bitmap",
            "file": "minecraft:ui/auction/market_4_15.png",
            "ascent": 19,
            "height": 256,
            "chars": [
                    "\uCD03"
                ]
        },  
        {
            "type": "bitmap",
            "file": "minecraft:ui/auction/market_5_15.png",
            "ascent": 19,
            "height": 256,
            "chars": [
                    "\uCD04"
                ]
        },   
        {
            "type": "bitmap",
            "file": "minecraft:ui/auction/market_6_15.png",
            "ascent": 19,
            "height": 256,
            "chars": [
                    "\uCD05"
                ]
        },
        {
            "type": "bitmap",
            "file": "minecraft:ui/auction/market_7_15.png",
            "ascent": 19,
            "height": 256,
            "chars": [
                    "\uCD06"
                ]
        },
        {
            "type": "bitmap",
            "file": "minecraft:ui/auction/market_8_15.png",
            "ascent": 19,
            "height": 256,
            "chars": [
                    "\uCD07"
                ]
        },
        {
            "type": "bitmap",
            "file": "minecraft:ui/auction/market_9_15.png",
            "ascent": 19,
            "height": 256,
            "chars": [
                    "\uCD08"
                ]
        },   
        {
            "type": "bitmap",
            "file": "minecraft:ui/auction/market_10_15.png",
            "ascent": 19,
            "height": 256,
            "chars": [
                    "\uCD09"
                ]
        },
        {
            "type": "bitmap",
            "file": "minecraft:ui/auction/market_11_15.png",
            "ascent": 19,
            "height": 256,
            "chars": [
                    "\uCD0A"
                ]
        },
        {
            "type": "bitmap",
            "file": "minecraft:ui/auction/market_12_15.png",
            "ascent": 19,
            "height": 256,
            "chars": [
                    "\uCD0B"
                ]
        },  
        {
            "type": "bitmap",
            "file": "minecraft:ui/auction/market_13_15.png",
            "ascent": 19,
            "height": 256,
            "chars": [
                    "\uCD0C"
                ]
        },
        {
            "type": "bitmap",
            "file": "minecraft:ui/auction/market_14_15.png",
            "ascent": 19,
            "height": 256,
            "chars": [
                    "\uCD0D"
                ]
        },
        {
            "type": "bitmap",
            "file": "minecraft:ui/auction/market_15_15.png",
            "ascent": 19,
            "height": 256,
            "chars": [
                    "\uCD0E"
                ]
        },                                                                 
        {
            "type": "bitmap",
            "file": "minecraft:ui/warps_settings.png",
            "ascent": 19,
            "height": 256,
            "chars": [
                    "\uACFF"
                ]
        },   
        {
            "type": "bitmap",
            "file": "minecraft:ui/warps_points.png",
            "ascent": 19,
            "height": 256,
            "chars": [
                    "\uACFE"
                ]
        },               
        {
            "type": "bitmap",
            "file": "minecraft:ui/warps_1_5.png",
            "ascent": 19,
            "height": 256,
            "chars": [
                    "\u9700"
                ]
        },
        {
            "type": "bitmap",
            "file": "minecraft:ui/warps_2_5.png",
            "ascent": 19,
            "height": 256,
            "chars": [
                    "\u9701"
                ]
        },   
        {
            "type": "bitmap",
            "file": "minecraft:ui/warps_3_5.png",
            "ascent": 19,
            "height": 256,
            "chars": [
                    "\u9702"
                ]
        },
        {
            "type": "bitmap",
            "file": "minecraft:ui/warps_4_5.png",
            "ascent": 19,
            "height": 256,
            "chars": [
                    "\u9703"
                ]
        },      
        {
            "type": "bitmap",
            "file": "minecraft:ui/warps_5_5.png",
            "ascent": 19,
            "height": 256,
            "chars": [
                    "\u9704"
                ]
        },                  
        {
            "type": "bitmap",
            "file": "minecraft:ui/mob_arena.png",
            "ascent": 19,
            "height": 256,
            "chars": [
                    "\u19E0"
                ]
        },
        {
            "type": "bitmap",
            "file": "minecraft:ui/help.png",
            "ascent": 19,
            "height": 256,
            "chars": [
                    "\u3201"
                ]
        },
        {
            "type": "bitmap",
            "file": "minecraft:ui/buyer/other.png",
            "ascent": 19,
            "height": 256,
            "chars": [
                    "\u5A00"
                ]
        },
        {
            "type": "bitmap",
            "file": "minecraft:ui/buyer/block.png",
            "ascent": 19,
            "height": 256,
            "chars": [
                    "\u5A01"
                ]
        },
        {
            "type": "bitmap",
            "file": "minecraft:ui/buyer/ingot.png",
            "ascent": 19,
            "height": 256,
            "chars": [
                    "\u5A02"
                ]
        },
        {
            "type": "bitmap",
            "file": "minecraft:ui/buyer/culture.png",
            "ascent": 19,
            "height": 256,
            "chars": [
                    "\u5A03"
                ]
        },
        {
            "type": "bitmap",
            "file": "minecraft:ui/buyer/weapon.png",
            "ascent": 19,
            "height": 256,
            "chars": [
                    "\u5A04"
                ]
        },
        {
            "type": "bitmap",
            "file": "minecraft:ui/buyer/armor.png",
            "ascent": 19,
            "height": 256,
            "chars": [
                    "\u5A05"
                ]
        },
        {
            "type": "bitmap",
            "file": "minecraft:ui/earning.png",
            "ascent": 19,
            "height": 256,
            "chars": [
                    "\uABFF"
                ]
        },        
        {
            "type": "bitmap",
            "file": "minecraft:ui/buyer/rare.png",
            "ascent": 19,
            "height": 256,
            "chars": [
                    "\u5A06"
                ]
        },
        {
            "type": "bitmap",
            "file": "minecraft:ui/buyer/sell_inventory.png",
            "ascent": 19,
            "height": 256,
            "chars": [
                    "\u5A07"
                ]
        },
        {
            "type": "bitmap",
            "file": "minecraft:ui/buyer/buyer_rewards.png",
            "ascent": 19,
            "height": 256,
            "chars": [
                    "\u5A08"
                ]
        }, 
        {
            "type": "bitmap",
            "file": "minecraft:others/adv/ares_donat_value.png",
            "ascent": 6,
            "height": 50,
            "chars": [
                    "\uD000"
                ]
        },
        {
            "type": "bitmap",
            "file": "minecraft:others/adv/ares_logo.png",
            "ascent": 6,
            "height": 50,
            "chars": [
                    "\uD001"
                ]
        },
        {
            "type": "bitmap",
            "file": "minecraft:others/adv/bp.png",
            "ascent": 6,
            "height": 50,
            "chars": [
                    "\uD002"
                ]
        },
        {
            "type": "bitmap",
            "file": "minecraft:others/adv/bug.png",
            "ascent": 6,
            "height": 50,
            "chars": [
                    "\uD003"
                ]
        },    
        {
            "type": "bitmap",
            "file": "minecraft:others/adv/case.png",
            "ascent": 6,
            "height": 50,
            "chars": [
                    "\uD004"
                ]
        },    
        {
            "type": "bitmap",
            "file": "minecraft:others/adv/customization.png",
            "ascent": 6,
            "height": 50,
            "chars": [
                    "\uD005"
                ]
        }, 
        {
            "type": "bitmap",
            "file": "minecraft:others/adv/discord.png",
            "ascent": 6,
            "height": 50,
            "chars": [
                    "\uD006"
                ]
        },
        {
            "type": "bitmap",
            "file": "minecraft:others/adv/help.png",
            "ascent": 6,
            "height": 50,
            "chars": [
                    "\uD007"
                ]
        },  
        {
            "type": "bitmap",
            "file": "minecraft:others/adv/kits.png",
            "ascent": 6,
            "height": 50,
            "chars": [
                    "\uD008"
                ]
        },
        {
            "type": "bitmap",
            "file": "minecraft:others/adv/market.png",
            "ascent": 6,
            "height": 50,
            "chars": [
                    "\uD009"
                ]
        },  
        {
            "type": "bitmap",
            "file": "minecraft:others/adv/tg_auth.png",
            "ascent": 6,
            "height": 50,
            "chars": [
                    "\uD00A"
                ]
        },
        {
            "type": "bitmap",
            "file": "minecraft:others/adv/work_money.png",
            "ascent": 6,
            "height": 50,
            "chars": [
                    "\uD00B"
                ]
        },
        {
            "type": "bitmap",
            "file": "minecraft:others/titles/title.png",
            "ascent": 15,
            "height": 50,
            "chars": [
                    "\u1EFF"
                ]
        },
        {
            "type": "bitmap",
            "file": "minecraft:others/chat_icons/mob.png",
            "ascent": 2,
            "height": 26,
            "chars": [
                    "\u7BF0"
                ]
        },
        {
            "type": "bitmap",
            "file": "minecraft:others/chat_icons/weather.png",
            "ascent": 2,
            "height": 26,
            "chars": [
                    "\u86FD"
                ]
        },
        {
            "type": "bitmap",
            "file": "minecraft:others/chat_icons/case.png",
            "ascent": 2,
            "height": 26,
            "chars": [
                    "\u86FC"
                ]
        },                    
        {
            "type": "bitmap",
            "file": "minecraft:others/chat_icons/earn.png",
            "ascent": 2,
            "height": 26,
            "chars": [
                    "\u7BF1"
                ]
        },
        {
            "type": "bitmap",
            "file": "minecraft:others/chat_icons/buycase.png",
            "ascent": 2,
            "height": 26,
            "chars": [
                    "\u4DCD"
                ]
        },         
        {
            "type": "bitmap",
            "file": "minecraft:others/chat_icons/buyares.png",
            "ascent": 2,
            "height": 26,
            "chars": [
                    "\u4DCE"
                ]
        },        
        {
            "type": "bitmap",
            "file": "minecraft:others/chat_icons/buydon.png",
            "ascent": 2,
            "height": 26,
            "chars": [
                    "\u4DCF"
                ]
        },          
        {
            "type": "bitmap",
            "file": "minecraft:others/chat_icons/punish.png",
            "ascent": 2,
            "height": 26,
            "chars": [
                    "\u7BF2"
                ]
        },
        {
            "type": "bitmap",
            "file": "minecraft:others/chat_icons/bc.png",
            "ascent": 2,
            "height": 26,
            "chars": [
                    "\u7BF3"
                ]
        },
        {
            "type": "bitmap",
            "file": "minecraft:others/chat_icons/gift.png",
            "ascent": 2,
            "height": 26,
            "chars": [
                    "\u7BF4"
                ]
        },                                       
        {
            "type": "bitmap",
            "file": "minecraft:others/holo/farm.png",
            "ascent": 20,
            "height": 65,
            "chars": [
                    "\u6E00"
                ]
        }, 
        {
            "type": "bitmap",
            "file": "minecraft:others/holo/farm_back.png",
            "ascent": 20,
            "height": 65,
            "chars": [
                    "\u6E01"
                ]
        },
        {
            "type": "bitmap",
            "file": "minecraft:others/holo/sawmill.png",
            "ascent": 20,
            "height": 65,
            "chars": [
                    "\u6E02"
                ]
        },  
        {
            "type": "bitmap",
            "file": "minecraft:others/holo/shop.png",
            "ascent": 20,
            "height": 65,
            "chars": [
                    "\u6E03"
                ]
        },  
        {
            "type": "bitmap",
            "file": "minecraft:others/holo/shop_back.png",
            "ascent": 20,
            "height": 65,
            "chars": [
                    "\u6E04"
                ]
        }, 
        {
            "type": "bitmap",
            "file": "minecraft:others/holo/mine.png",
            "ascent": 20,
            "height": 65,
            "chars": [
                    "\u6E05"
                ]
        },  
        {
            "type": "bitmap",
            "file": "minecraft:others/holo/mine_back.png",
            "ascent": 20,
            "height": 65,
            "chars": [
                    "\u6E06"
                ]
        },   
        {
            "type": "bitmap",
            "file": "minecraft:others/holo/mineares_title.png",
            "ascent": 20,
            "height": 65,
            "chars": [
                    "\u6E07"
                ]
        },
        {
            "type": "bitmap",
            "file": "minecraft:others/holo/mineares_title_back.png",
            "ascent": 20,
            "height": 65,
            "chars": [
                    "\u6E08"
                ]
        },    
        {
            "type": "bitmap",
            "file": "minecraft:others/holo/bp.png",
            "ascent": 20,
            "height": 65,
            "chars": [
                    "\u6E09"
                ]
        },  
        {
            "type": "bitmap",
            "file": "minecraft:others/holo/cosmetic.png",
            "ascent": 20,
            "height": 65,
            "chars": [
                    "\u6E0A"
                ]
        }, 
        {
            "type": "bitmap",
            "file": "minecraft:others/holo/small_back.png",
            "ascent": 20,
            "height": 65,
            "chars": [
                    "\u6E0B"
                ]
        }, 
        {
            "type": "bitmap",
            "file": "minecraft:others/holo/good.png",
            "ascent": 20,
            "height": 65,
            "chars": [
                    "\u6E0C"
                ]
        },  
        {
            "type": "bitmap",
            "file": "minecraft:others/holo/good_back.png",
            "ascent": 20,
            "height": 65,
            "chars": [
                    "\u6E0D"
                ]
        }, 
        {
            "type": "bitmap",
            "file": "minecraft:others/holo/shop2.png",
            "ascent": 20,
            "height": 65,
            "chars": [
                    "\u6E0E"
                ]
        },  
        {
            "type": "bitmap",
            "file": "minecraft:others/holo/shop2_back.png",
            "ascent": 20,
            "height": 65,
            "chars": [
                    "\u6E0F"
                ]
        }, 
        {
            "type": "bitmap",
            "file": "minecraft:others/holo/casino.png",
            "ascent": 20,
            "height": 65,
            "chars": [
                    "\u6E10"
                ]
        },  
        {
            "type": "bitmap",
            "file": "minecraft:others/holo/casino_back.png",
            "ascent": 20,
            "height": 65,
            "chars": [
                    "\u6E11"
                ]
        },   
        {
            "type": "bitmap",
            "file": "minecraft:others/holo/case.png",
            "ascent": 20,
            "height": 65,
            "chars": [
                    "\u6E12"
                ]
        }, 
        {
            "type": "bitmap",
            "file": "minecraft:others/holo/loot_box.png",
            "ascent": 20,
            "height": 65,
            "chars": [
                    "\u6E13"
                ]
        }, 
        {
            "type": "bitmap",
            "file": "minecraft:others/holo/pvp_arena.png",
            "ascent": 20,
            "height": 65,
            "chars": [
                    "\u6E14"
                ]
        }, 
        {
            "type": "bitmap",
            "file": "minecraft:others/holo/pvp_arena_back.png",
            "ascent": 20,
            "height": 65,
            "chars": [
                    "\u6E15"
                ]
        }, 
        {
            "type": "bitmap",
            "file": "minecraft:others/holo/mob_arena.png",
            "ascent": 20,
            "height": 65,
            "chars": [
                    "\u6E16"
                ]
        }, 
        {
            "type": "bitmap",
            "file": "minecraft:others/holo/mob_arena_back.png",
            "ascent": 20,
            "height": 65,
            "chars": [
                    "\u6E17"
                ]
        },
        {
            "type": "bitmap",
            "file": "minecraft:others/holo/rise.png",
            "ascent": 20,
            "height": 65,
            "chars": [
                    "\u6E18"
                ]
        },
        {
            "type": "bitmap",
            "file": "minecraft:others/holo/bonus.png",
            "ascent": 20,
            "height": 65,
            "chars": [
                    "\u6E19"
                ]
        }, 
        {
            "type": "bitmap",
            "file": "minecraft:others/holo/prize.png",
            "ascent": 20,
            "height": 65,
            "chars": [
                    "\u6E1A"
                ]
        }, 
        {
            "type": "bitmap",
            "file": "minecraft:others/holo/alchemist.png",
            "ascent": 20,
            "height": 65,
            "chars": [
                    "\u6E20"
                ]
        }, 
        {
            "type": "bitmap",
            "file": "minecraft:others/holo/auction.png",
            "ascent": 20,
            "height": 65,
            "chars": [
                    "\u6E21"
                ]
        }, 
        {
            "type": "bitmap",
            "file": "minecraft:others/holo/buyer.png",
            "ascent": 20,
            "height": 65,
            "chars": [
                    "\u6E22"
                ]
        }, 
        {
            "type": "bitmap",
            "file": "minecraft:others/holo/merchant.png",
            "ascent": 20,
            "height": 65,
            "chars": [
                    "\u6E23"
                ]
        }, 
        {
            "type": "bitmap",
            "file": "minecraft:others/holo/random_tp.png",
            "ascent": 20,
            "height": 65,
            "chars": [
                    "\u6E24"
                ]
        }, 
        {
            "type": "bitmap",
            "file": "minecraft:others/sb_tab/time.png",
            "ascent": 7,
            "height": 8,
            "chars": [
                    "\u1900"
                ]
        },
        {
            "type": "bitmap",
            "file": "minecraft:others/sb_tab/kills.png",
            "ascent": 7,
            "height": 8,
            "chars": [
                    "\u1901"
                ]
        },
        {
            "type": "bitmap",
            "file": "minecraft:others/sb_tab/mob.png",
            "ascent": 7,
            "height": 8,
            "chars": [
                    "\u1902"
                ]
        },
        {
            "type": "bitmap",
            "file": "minecraft:others/sb_tab/level.png",
            "ascent": 7,
            "height": 8,
            "chars": [
                    "\u1903"
                ]
        },
        {
            "type": "bitmap",
            "file": "minecraft:others/sb_tab/xp.png",
            "ascent": 7,
            "height": 8,
            "chars": [
                    "\u1904"
                ]
        },
        {
            "type": "bitmap",
            "file": "minecraft:others/sb_tab/points.png",
            "ascent": 7,
            "height": 8,
            "chars": [
                    "\u1905"
                ]
        },
        {
            "type": "bitmap",
            "file": "minecraft:others/sb_tab/points_lvl.png",
            "ascent": 7,
            "height": 8,
            "chars": [
                    "\uBBCE"
                ]
        },        
        {
            "type": "bitmap",
            "file": "minecraft:others/sb_tab/dollars.png",
            "ascent": 7,
            "height": 8,
            "chars": [
                    "\u00B5"
                ]
        },                                                           
        {
            "type": "bitmap",
            "file": "minecraft:others/pixel_split.png",
            "ascent": -2000,
            "height": -3,
            "chars": [
                    "\u09B7"
                ]
        },
        {
            "type": "bitmap",
            "file": "minecraft:others/line_2.png",
            "ascent": 7,
            "height": 9,
            "chars": [
                    "\u02A1"
                ]
        },
        {
            "type": "bitmap",
            "file": "minecraft:others/line_1.png",
            "ascent": 7,
            "height": 7,
            "chars": [
                    "\u02A2"
                ]
        },
        {
            "type": "bitmap",
            "file": "minecraft:others/global_chat.png",
            "ascent": 7,
            "height": 8,
            "chars": [
                    "\u02A4"
                ]
        },
        {
            "type": "bitmap",
            "file": "minecraft:others/local_chat.png",
            "ascent": 7,
            "height": 8,
            "chars": [
                    "\u02A3"
                ]
        },
        {
            "type": "bitmap",
            "file": "minecraft:others/donate_chat.png",
            "ascent": 7,
            "height": 8,
            "chars": [
                    "\u86FE"
                ]
        },        
        {
            "type": "bitmap",
            "file": "minecraft:others/private_chat.png",
            "ascent": 7,
            "height": 8,
            "chars": [
                    "\u02A5"
                ]
        },
        {
            "type": "bitmap",
            "file": "minecraft:others/excl_green.png",
            "ascent": 7,
            "height": 8,
            "chars": [
                    "\u02A7"
                ]
        }, 
        {
            "type": "bitmap",
            "file": "minecraft:others/excl_red.png",
            "ascent": 7,
            "height": 8,
            "chars": [
                    "\u86FF"
                ]
        },                
        {
            "type": "bitmap",
            "file": "minecraft:others/excl_yellow.png",
            "ascent": 7,
            "height": 8,
            "chars": [
                    "\u02A6"
                ]
        }
    ]
}