{
  "dollars": {
    "category": "master",
    "sounds": [
      "server/dollars"
    ]
  },
  "lvl": {
    "category": "master",
    "sounds": [
      "server/lvl"
    ]
  },
  "error": {
    "category": "master",
    "sounds": [
      "server/error"
    ]
  },  
  "uniquek_sound": {
    "category": "master",
    "sounds": [
      "server/unique"
    ]
  }, 
  "rarek_sound": {
    "category": "master",
    "sounds": [
      "server/rare"
    ]
  },
  "normalk_sound": {
    "category": "master",
    "sounds": [
      "server/normal"
    ]
  },     
  "ares": {
    "category": "master",
    "sounds": [
      "server/ares"
    ]
  }
}